15:54:04.0;20.865;1.136;;;;;;
15:54:05.0;16.08;1.137;;;;;;
15:54:06.0;16.539;1.138;;;;;;
15:54:07.0;20.561;1.142;;;;;;
15:54:08.0;21.355;1.143;;;;;;
15:54:09.0;25.384;1.145;;;;;;
15:54:10.0;20.936;1.141;;;;;;
15:54:11.0;14.122;1.139;;;;;;
15:54:12.0;19.437;1.143;;;;;;
15:54:13.0;17.902;1.144;;;;;;
15:54:14.0;19.102;1.144;;;;;;
15:54:15.0;16.983;1.144;;;;;;
15:54:16.0;20.05;1.146;;;;;;
15:54:17.0;14.468;1.146;;;;;;
15:54:18.0;16.157;1.142;;;;;;
15:54:19.0;17.43;1.144;;;;;;
15:54:20.0;20.512;1.146;;;;;;
15:54:21.0;32.734;1.145;;;;;;
15:54:22.0;22.094;1.143;;;;;;
15:54:23.0;15.549;1.142;;;;;;
15:54:24.0;19.512;1.142;;;;;;
15:54:25.0;17.179;1.143;;;;;;
15:54:26.0;17.766;1.143;;;;;;
15:54:27.0;22.107;1.144;;;;;;
15:54:28.0;18.565;1.146;;;;;;
15:54:29.0;20.645;1.146;;;;;;
15:54:30.0;21.119;1.168;;;;;;
15:54:31.0;29.044;1.152;;;;;;
15:54:32.0;29.757;1.147;;;;;;
15:54:33.0;20.127;1.144;;;;;;
15:54:34.0;15.816;1.144;;;;;;
15:54:35.0;20.606;1.143;;;;;;
15:54:36.0;28.316;1.145;;;;;;
15:54:37.0;20.833;1.144;;;;;;
15:54:38.0;17.512;1.143;;;;;;
15:54:39.0;22.363;1.145;;;;;;
15:54:40.0;17.752;1.144;;;;;;
15:54:41.0;18.565;1.146;;;;;;
15:54:42.0;19.72;1.147;;;;;;
15:54:43.0;19.24;1.145;;;;;;
15:54:44.0;30.769;1.145;;;;;;
15:54:45.0;32.48;1.145;;;;;;
15:54:46.0;20.817;1.143;;;;;;
15:54:47.0;14.687;1.141;;;;;;
15:54:48.0;19.059;1.143;;;;;;
15:54:49.0;15.917;1.145;;;;;;
15:54:50.0;17.752;1.143;;;;;;
15:54:51.0;17.579;1.145;;;;;;
15:54:52.0;18.527;1.145;;;;;;
15:54:53.0;40.897;1.147;;;;;;
15:54:54.0;27.763;1.146;;;;;;
15:54:55.0;20.764;1.146;;;;;;
15:54:56.0;14.961;1.145;;;;;;
15:54:57.0;20.78;1.147;;;;;;
15:54:58.0;33.12;1.146;;;;;;
15:54:59.0;21.846;1.144;;;;;;
15:55:00.0;19.898;1.145;;;;;;
15:55:01.0;24.421;1.143;;;;;;
15:55:02.0;26.572;1.142;;;;;;
15:55:03.0;18.17;1.143;;;;;;
15:55:04.0;21.895;1.145;;;;;;
15:55:05.0;14.819;1.146;;;;;;
15:55:06.0;16.56;1.144;;;;;;
15:55:07.0;18.79;1.145;;;;;;
15:55:08.0;30.759;1.144;;;;;;
15:55:09.0;33.333;1.143;;;;;;
15:55:10.0;19.329;1.143;;;;;;
15:55:11.0;15.912;1.144;;;;;;
15:55:12.0;21.618;1.143;;;;;;
15:55:13.0;24.811;1.147;;;;;;
15:55:14.0;20.618;1.145;;;;;;
15:55:15.0;18.228;1.145;;;;;;
15:55:16.0;17.509;1.142;;;;;;
15:55:17.0;15.147;1.145;;;;;;
15:55:18.0;18.508;1.144;;;;;;
15:55:19.0;15.345;1.142;;;;;;
15:55:20.0;15.809;1.143;;;;;;
15:55:21.0;23.852;1.145;;;;;;
15:55:22.0;19.57;1.147;;;;;;
15:55:23.0;15.912;1.147;;;;;;
15:55:24.0;30.025;1.148;;;;;;
15:55:25.0;41.146;1.145;;;;;;
15:55:26.0;27.178;1.145;;;;;;
15:55:27.0;25.129;1.142;;;;;;
15:55:28.0;18.67;1.143;;;;;;
15:55:29.0;18.263;1.142;;;;;;
15:55:30.0;19.565;1.146;;;;;;
15:55:31.0;25.031;1.144;;;;;;
15:55:32.0;18.369;1.15;;;;;;
15:55:33.0;21.935;1.149;;;;;;
15:55:34.0;20.28;1.147;;;;;;
15:55:35.0;21.099;1.146;;;;;;
15:55:36.0;38.186;1.147;;;;;;
15:55:37.0;19.537;1.144;;;;;;
15:55:38.0;14.91;1.143;;;;;;
15:55:39.0;17.898;1.144;;;;;;
15:55:40.0;16.985;1.144;;;;;;
15:55:42.0;18.287;1.147;;;;;;
15:55:43.0;18.32;1.145;;;;;;
15:55:44.0;19.845;1.145;;;;;;
15:55:45.0;17.095;1.145;;;;;;
15:55:46.0;18.88;1.149;;;;;;
15:55:47.0;24.643;1.146;;;;;;
15:55:48.0;16.623;1.148;;;;;;
15:55:49.0;21.181;1.147;;;;;;
15:55:50.0;25.353;1.15;;;;;;
15:55:51.0;18.229;1.148;;;;;;
15:55:52.0;16.494;1.148;;;;;;
15:55:53.0;18.571;1.148;;;;;;
15:55:54.0;19.483;1.148;;;;;;
15:55:55.0;21.755;1.147;;;;;;
15:55:56.0;16.752;1.145;;;;;;
15:55:57.0;40.35;1.148;;;;;;
15:55:58.0;23.363;1.148;;;;;;
15:55:59.0;15.809;1.147;;;;;;
15:56:00.0;31.578;1.148;;;;;;
15:56:01.0;15.434;1.147;;;;;;
15:56:02.0;20.769;1.147;;;;;;
15:56:03.0;24.418;1.147;;;;;;
15:56:04.0;34.056;1.144;;;;;;
15:56:05.0;19.974;1.144;;;;;;
15:56:06.0;23.234;1.144;;;;;;
15:56:07.0;20.817;1.143;;;;;;
15:56:08.0;18.158;1.143;;;;;;
15:56:09.0;15.549;1.144;;;;;;
15:56:10.0;15.501;1.144;;;;;;
15:56:11.0;22.165;1.145;;;;;;
15:56:12.0;33.883;1.152;;;;;;
15:56:13.0;27.191;1.147;;;;;;
15:56:14.0;23.354;1.146;;;;;;
15:56:15.0;18.158;1.148;;;;;;
15:56:16.0;23.205;1.149;;;;;;
15:56:17.0;25.452;1.147;;;;;;
15:56:18.0;24.588;1.146;;;;;;
15:56:19.0;29.871;1.15;;;;;;
15:56:20.0;19.846;1.144;;;;;;
15:56:21.0;17.307;1.146;;;;;;
15:56:22.0;18.836;1.146;;;;;;
15:56:23.0;18.901;1.143;;;;;;
15:56:24.0;19.617;1.142;;;;;;
15:56:25.0;18.135;1.147;;;;;;
15:56:26.0;18.369;1.144;;;;;;
15:56:27.0;19.458;1.147;;;;;;
15:56:28.0;16.323;1.145;;;;;;
15:56:29.0;21.621;1.146;;;;;;
15:56:30.0;16.602;1.144;;;;;;
15:56:31.0;27.423;1.148;;;;;;
15:56:32.0;24.177;1.144;;;;;;
15:56:33.0;23.581;1.146;;;;;;
15:56:34.0;27.749;1.167;;;;;;
15:56:35.0;39.046;1.145;;;;;;
15:56:36.0;28.961;1.15;;;;;;
15:56:37.0;27.155;1.147;;;;;;
15:56:38.0;16.84;1.147;;;;;;
15:56:39.0;20.951;1.147;;;;;;
15:56:40.0;26.804;1.148;;;;;;
15:56:41.0;14.829;1.146;;;;;;
15:56:42.0;20.129;1.143;;;;;;
15:56:43.0;19.275;1.146;;;;;;
15:56:44.0;15.424;1.148;;;;;;
15:56:45.0;29.007;1.152;;;;;;
15:56:46.0;24.711;1.149;;;;;;
15:56:47.0;15.096;1.147;;;;;;
15:56:48.0;17.571;1.146;;;;;;
15:56:49.0;16.602;1.146;;;;;;
15:56:50.0;29.51;1.148;;;;;;
15:56:51.0;17.789;1.152;;;;;;
15:56:52.0;19.201;1.147;;;;;;
15:56:53.0;18.654;1.149;;;;;;
15:56:54.0;15.958;1.149;;;;;;
15:56:55.0;15.673;1.147;;;;;;
15:56:56.0;26.623;1.149;;;;;;
15:56:57.0;16.24;1.146;;;;;;
15:56:58.0;22.093;1.145;;;;;;
15:56:59.0;18.604;1.144;;;;;;
15:57:00.0;18.797;1.146;;;;;;
15:57:01.0;16.087;1.147;;;;;;
15:57:02.0;22.531;1.148;;;;;;
15:57:03.0;33.462;1.149;;;;;;
15:57:04.0;35.103;1.149;;;;;;
15:57:05.0;34.5;1.166;;;;;;
15:57:06.0;28.385;1.147;;;;;;
15:57:07.0;38.767;1.147;;;;;;
15:57:08.0;26.943;1.144;;;;;;
15:57:09.0;17.441;1.144;;;;;;
15:57:10.0;23.255;1.145;;;;;;
15:57:11.0;14.882;1.146;;;;;;
15:57:12.0;18.911;1.146;;;;;;
15:57:13.0;23.704;1.148;;;;;;
15:57:14.0;24.967;1.146;;;;;;
15:57:15.0;16.601;1.144;;;;;;
15:57:16.0;20.784;1.143;;;;;;
15:57:17.0;14.915;1.145;;;;;;
15:57:18.0;22.886;1.146;;;;;;
15:57:19.0;32.129;1.149;;;;;;
15:57:20.0;19.738;1.146;;;;;;
15:57:21.0;17.546;1.145;;;;;;
15:57:22.0;36.679;1.146;;;;;;
15:57:23.0;30.838;1.146;;;;;;
15:57:24.0;15.463;1.144;;;;;;
15:57:25.0;18.992;1.144;;;;;;
15:57:26.0;20.649;1.147;;;;;;
15:57:27.0;19.084;1.146;;;;;;
15:57:28.0;15.194;1.15;;;;;;
15:57:29.0;17.532;1.147;;;;;;
15:57:30.0;18.417;1.147;;;;;;
15:57:31.0;17.47;1.149;;;;;;
15:57:32.0;20;1.151;;;;;;
15:57:33.0;15.721;1.146;;;;;;
15:57:34.0;29.312;1.144;;;;;;
15:57:35.0;17.971;1.144;;;;;;
15:57:36.0;18.146;1.145;;;;;;
15:57:37.0;20.077;1.146;;;;;;
15:57:38.0;16.795;1.145;;;;;;
15:57:39.0;29.388;1.145;;;;;;
15:57:40.0;36.28;1.146;;;;;;
15:57:41.0;36.979;1.146;;;;;;
15:57:42.0;32.287;1.146;;;;;;
15:57:43.0;35.225;1.146;;;;;;
15:57:44.0;20.341;1.147;;;;;;
15:57:45.0;22.879;1.146;;;;;;
15:57:46.0;16.905;1.148;;;;;;
15:57:47.0;23.445;1.148;;;;;;
15:57:48.0;26.908;1.148;;;;;;
15:57:49.0;17.057;1.146;;;;;;
15:57:50.0;18.782;1.146;;;;;;
15:57:51.0;15.324;1.144;;;;;;
15:57:52.0;17.838;1.145;;;;;;
15:57:53.0;16.516;1.144;;;;;;
15:57:54.0;14.637;1.144;;;;;;
15:57:55.0;18.263;1.145;;;;;;
15:57:56.0;17.593;1.146;;;;;;
15:57:57.0;17.268;1.149;;;;;;
15:57:58.0;20.963;1.148;;;;;;
15:57:59.0;19.266;1.147;;;;;;
15:58:00.0;41.504;1.148;;;;;;
15:58:01.0;27.023;1.147;;;;;;
15:58:02.0;21.271;1.147;;;;;;
15:58:03.0;32.904;1.148;;;;;;
15:58:04.0;20.522;1.146;;;;;;
15:58:05.0;22.509;1.145;;;;;;
15:58:06.0;32.299;1.146;;;;;;
15:58:07.0;38.722;1.15;;;;;;
15:58:08.0;30.026;1.148;;;;;;
15:58:09.0;17.692;1.147;;;;;;
15:58:10.0;17.685;1.146;;;;;;
15:58:11.0;14.173;1.145;;;;;;
15:58:12.0;18.717;1.146;;;;;;
15:58:13.0;15.483;1.144;;;;;;
15:58:14.0;15.143;1.146;;;;;;
15:58:15.0;17.477;1.145;;;;;;
15:58:16.0;17.685;1.145;;;;;;
15:58:17.0;21.694;1.149;;;;;;
15:58:18.0;20.539;1.147;;;;;;
15:58:19.0;18.595;1.149;;;;;;
15:58:20.0;21.204;1.146;;;;;;
15:58:21.0;21.391;1.146;;;;;;
15:58:22.0;18.146;1.147;;;;;;
15:58:23.0;19.455;1.146;;;;;;
15:58:24.0;19.638;1.147;;;;;;
15:58:25.0;17.374;1.147;;;;;;
15:58:26.0;20.546;1.148;;;;;;
15:58:27.0;14.285;1.149;;;;;;
15:58:28.0;19.584;1.15;;;;;;
15:58:29.0;17.487;1.149;;;;;;
15:58:30.0;18.814;1.148;;;;;;
15:58:31.0;19.534;1.149;;;;;;
15:58:32.0;19.897;1.147;;;;;;
15:58:33.0;16.493;1.147;;;;;;
15:58:34.0;17.098;1.149;;;;;;
15:58:35.0;15.155;1.148;;;;;;
15:58:36.0;19.689;1.147;;;;;;
15:58:37.0;15.546;1.145;;;;;;
15:58:38.0;18.967;1.147;;;;;;
15:58:39.0;25.326;1.147;;;;;;
15:58:40.0;18.725;1.146;;;;;;
15:58:41.0;36.679;1.148;;;;;;
15:58:42.0;24.607;1.148;;;;;;
15:58:43.0;18.051;1.147;;;;;;
15:58:44.0;14.046;1.146;;;;;;
15:58:45.0;15.938;1.147;;;;;;
15:58:46.0;17.7;1.148;;;;;;
15:58:47.0;15.394;1.147;;;;;;
15:58:48.0;19.325;1.148;;;;;;
15:58:49.0;28.067;1.149;;;;;;
15:58:50.0;32.077;1.149;;;;;;
15:58:51.0;32.858;1.152;;;;;;
15:58:52.0;19.43;1.15;;;;;;
15:58:53.0;20.622;1.147;;;;;;
15:58:54.0;23.711;1.146;;;;;;
15:58:55.0;19.17;1.152;;;;;;
15:58:56.0;16.321;1.147;;;;;;
15:58:57.0;23.87;1.149;;;;;;
15:58:58.0;18.838;1.145;;;;;;
15:58:59.0;25.293;1.147;;;;;;
15:59:00.0;19.635;1.144;;;;;;
15:59:01.0;20.519;1.145;;;;;;
15:59:02.0;28.923;1.144;;;;;;
15:59:03.0;32.031;1.147;;;;;;
15:59:04.0;18.324;1.146;;;;;;
15:59:05.0;19.25;1.149;;;;;;
15:59:06.0;18.637;1.15;;;;;;
15:59:07.0;18.287;1.151;;;;;;
15:59:08.0;16.906;1.149;;;;;;
15:59:09.0;15.474;1.148;;;;;;
15:59:10.0;17.525;1.147;;;;;;
15:59:11.0;16.041;1.148;;;;;;
15:59:12.0;17.385;1.148;;;;;;
15:59:13.0;17.295;1.147;;;;;;
15:59:14.0;19.028;1.152;;;;;;
15:59:15.0;26.967;1.149;;;;;;
15:59:16.0;32.303;1.151;;;;;;
15:59:17.0;44.473;1.15;;;;;;
15:59:18.0;31.812;1.149;;;;;;
15:59:19.0;31.151;1.15;;;;;;
15:59:20.0;16.036;1.15;;;;;;
15:59:21.0;31.096;1.151;;;;;;
15:59:22.0;14.415;1.148;;;;;;
15:59:23.0;18.335;1.145;;;;;;
15:59:24.0;26.957;1.148;;;;;;
15:59:25.0;31.354;1.149;;;;;;
15:59:26.0;33.419;1.151;;;;;;
15:59:27.0;33.55;1.148;;;;;;
15:59:28.0;19.582;1.149;;;;;;
15:59:29.0;17.708;1.147;;;;;;
15:59:30.0;22.727;1.149;;;;;;
15:59:31.0;17.654;1.149;;;;;;
15:59:32.0;19.795;1.149;;;;;;
15:59:33.0;17.223;1.149;;;;;;
15:59:34.0;19.948;1.147;;;;;;
15:59:35.0;16.99;1.149;;;;;;
15:59:36.0;17.032;1.149;;;;;;
15:59:37.0;15.989;1.147;;;;;;
15:59:38.0;15.994;1.145;;;;;;
15:59:39.0;23.186;1.147;;;;;;
15:59:40.0;25.193;1.147;;;;;;
15:59:41.0;23.529;1.146;;;;;;
15:59:42.0;14.986;1.147;;;;;;
15:59:43.0;23.974;1.146;;;;;;
15:59:44.0;26.199;1.147;;;;;;
15:59:45.0;26.052;1.147;;;;;;
15:59:46.0;19.19;1.145;;;;;;
15:59:47.0;15.254;1.144;;;;;;
15:59:48.0;16.233;1.146;;;;;;
15:59:49.0;13.725;1.147;;;;;;
15:59:50.0;31.884;1.148;;;;;;
15:59:51.0;15.769;1.145;;;;;;
15:59:52.0;15.243;1.147;;;;;;
15:59:53.0;20.259;1.147;;;;;;
15:59:54.0;19.379;1.147;;;;;;
15:59:55.0;17.532;1.147;;;;;;
15:59:56.0;18.79;1.146;;;;;;
15:59:57.0;16.282;1.145;;;;;;
15:59:58.0;17.357;1.144;;;;;;
15:59:59.0;17.609;1.145;;;;;;
16:00:00.0;18.169;1.148;;;;;;
16:00:01.0;18.169;1.147;;;;;;
16:00:02.0;17.419;1.147;;;;;;
16:00:03.0;18.346;1.147;;;;;;
16:00:04.0;18.943;1.147;;;;;;
16:00:05.0;14.397;1.147;;;;;;
16:00:06.0;17.312;1.146;;;;;;
16:00:07.0;14.58;1.146;;;;;;
16:00:08.0;20.259;1.146;;;;;;
16:00:09.0;17.402;1.147;;;;;;
16:00:10.0;34.241;1.149;;;;;;
16:00:11.0;41.612;1.151;;;;;;
16:00:12.0;31.413;1.153;;;;;;
16:00:13.0;29.581;1.153;;;;;;
16:00:14.0;22.079;1.151;;;;;;
16:00:15.0;19.921;1.151;;;;;;
16:00:16.0;15.424;1.149;;;;;;
16:00:17.0;19.047;1.147;;;;;;
16:00:18.0;26.329;1.147;;;;;;
16:00:19.0;19.084;1.149;;;;;;
16:00:20.0;16.579;1.15;;;;;;
16:00:21.0;16.47;1.149;;;;;;
16:00:22.0;34.155;1.152;;;;;;
16:00:23.0;47.765;1.162;;;;;;
16:00:24.0;32.906;1.153;;;;;;
16:00:25.0;34.221;1.151;;;;;;
16:00:26.0;40.436;1.15;;;;;;
16:00:27.0;36.245;1.151;;;;;;
16:00:28.0;30.718;1.15;;;;;;
16:00:29.0;24.871;1.151;;;;;;
16:00:30.0;21.621;1.15;;;;;;
16:00:31.0;17.101;1.148;;;;;;
16:00:32.0;15.734;1.147;;;;;;
16:00:33.0;17.716;1.148;;;;;;
16:00:34.0;18.979;1.148;;;;;;
16:00:35.0;16.601;1.147;;;;;;
16:00:36.0;13.971;1.148;;;;;;
16:00:37.0;19.06;1.147;;;;;;
16:00:38.0;23.195;1.146;;;;;;
16:00:39.0;40.789;1.148;;;;;;
16:00:40.0;39.442;1.15;;;;;;
16:00:41.0;36.801;1.15;;;;;;
16:00:42.0;28.701;1.152;;;;;;
16:00:43.0;14.267;1.15;;;;;;
16:00:44.0;14.136;1.15;;;;;;
16:00:45.0;13.914;1.15;;;;;;
16:00:46.0;19.716;1.149;;;;;;
16:00:47.0;25.614;1.151;;;;;;
16:00:48.0;27.391;1.15;;;;;;
16:00:49.0;19.451;1.151;;;;;;
16:00:50.0;16.258;1.155;;;;;;
16:00:51.0;17.875;1.154;;;;;;
16:00:52.0;20.384;1.149;;;;;;
16:00:53.0;14.709;1.148;;;;;;
16:00:54.0;29.139;1.151;;;;;;
16:00:55.0;25.844;1.153;;;;;;
16:00:56.0;18.455;1.151;;;;;;
16:00:57.0;15.645;1.152;;;;;;
16:00:58.0;17.875;1.152;;;;;;
16:00:59.0;30.462;1.152;;;;;;
16:01:00.0;29.844;1.15;;;;;;
16:01:01.0;21.87;1.151;;;;;;
16:01:02.0;29.858;1.177;;;;;;
16:01:03.0;23.803;1.149;;;;;;
16:01:04.0;14.838;1.149;;;;;;
16:01:05.0;17.815;1.15;;;;;;
16:01:06.0;19.948;1.152;;;;;;
16:01:07.0;23.643;1.153;;;;;;
16:01:08.0;18.513;1.15;;;;;;
16:01:09.0;18.028;1.15;;;;;;
16:01:10.0;20.641;1.156;;;;;;
16:01:11.0;22.351;1.149;;;;;;
16:01:12.0;28.682;1.151;;;;;;
16:01:13.0;16.816;1.15;;;;;;
16:01:14.0;18.475;1.151;;;;;;
16:01:15.0;15.324;1.149;;;;;;
16:01:16.0;19.346;1.149;;;;;;
16:01:17.0;23.591;1.149;;;;;;
16:01:18.0;16.796;1.15;;;;;;
16:01:19.0;22.756;1.147;;;;;;
16:01:20.0;17.945;1.147;;;;;;
16:01:21.0;20.903;1.148;;;;;;
16:01:22.0;18.146;1.148;;;;;;
16:01:23.0;26.753;1.148;;;;;;
16:01:24.0;18.943;1.148;;;;;;
16:01:25.0;19.718;1.148;;;;;;
16:01:26.0;19.047;1.147;;;;;;
16:01:27.0;15.714;1.144;;;;;;
16:01:28.0;16.968;1.147;;;;;;
16:01:29.0;17.546;1.148;;;;;;
16:01:30.0;16.429;1.148;;;;;;
16:01:31.0;21.045;1.151;;;;;;
16:01:32.0;23.614;1.148;;;;;;
16:01:33.0;16.71;1.149;;;;;;
16:01:34.0;15.128;1.148;;;;;;
16:01:35.0;28.218;1.151;;;;;;
16:01:36.0;22.049;1.149;;;;;;
16:01:37.0;17.847;1.149;;;;;;
16:01:38.0;16.688;1.147;;;;;;
16:01:39.0;19.275;1.149;;;;;;
16:01:40.0;18.193;1.148;;;;;;
16:01:41.0;15.025;1.15;;;;;;
16:01:42.0;14.896;1.15;;;;;;
16:01:43.0;23.913;1.152;;;;;;
16:01:44.0;17.487;1.149;;;;;;
16:01:45.0;14.756;1.149;;;;;;
16:01:46.0;16.108;1.147;;;;;;
16:01:47.0;19.27;1.149;;;;;;
16:01:48.0;40.616;1.152;;;;;;
16:01:49.0;24.538;1.15;;;;;;
16:01:50.0;13.671;1.149;;;;;;
16:01:51.0;16.623;1.149;;;;;;
16:01:52.0;14.138;1.148;;;;;;
16:01:53.0;18.985;1.148;;;;;;
16:01:54.0;20.365;1.149;;;;;;
16:01:55.0;17.941;1.147;;;;;;
16:01:56.0;27.202;1.147;;;;;;
16:01:57.0;23.167;1.146;;;;;;
16:01:58.0;16.557;1.147;;;;;;
16:01:59.0;17.898;1.147;;;;;;
16:02:00.0;14.229;1.146;;;;;;
16:02:01.0;14.267;1.146;;;;;;
16:02:02.0;18.028;1.145;;;;;;
16:02:03.0;22.207;1.146;;;;;;
16:02:04.0;16.17;1.148;;;;;;
16:02:05.0;20.784;1.149;;;;;;
16:02:06.0;18.911;1.146;;;;;;
16:02:07.0;17.824;1.145;;;;;;
16:02:08.0;16.861;1.147;;;;;;
16:02:09.0;29.35;1.149;;;;;;
16:02:10.0;16.145;1.15;;;;;;
16:02:11.0;19.689;1.151;;;;;;
16:02:12.0;17.503;1.151;;;;;;
16:02:13.0;17.419;1.148;;;;;;
16:02:14.0;17.496;1.148;;;;;;
16:02:15.0;19.565;1.15;;;;;;
16:02:16.0;27.402;1.15;;;;;;
16:02:17.0;30.89;1.149;;;;;;
16:02:18.0;39.87;1.149;;;;;;
16:02:19.0;18.431;1.15;;;;;;
16:02:20.0;16.796;1.15;;;;;;
16:02:21.0;24.713;1.15;;;;;;
16:02:22.0;15.364;1.147;;;;;;
16:02:23.0;17.38;1.15;;;;;;
16:02:24.0;15.994;1.149;;;;;;
16:02:25.0;14.843;1.148;;;;;;
16:02:26.0;17.396;1.149;;;;;;
16:02:27.0;20.13;1.149;;;;;;
16:02:28.0;23.437;1.15;;;;;;
16:02:29.0;17.165;1.15;;;;;;
16:02:30.0;17.01;1.148;;;;;;
16:02:31.0;16.212;1.149;;;;;;
16:02:32.0;16.237;1.148;;;;;;
16:02:33.0;24.805;1.149;;;;;;
16:02:34.0;14.64;1.147;;;;;;
16:02:35.0;18.911;1.151;;;;;;
16:02:36.0;26.692;1.152;;;;;;
16:02:37.0;24.739;1.151;;;;;;
16:02:38.0;16.318;1.152;;;;;;
16:02:39.0;14.713;1.15;;;;;;
16:02:40.0;20.158;1.15;;;;;;
16:02:41.0;17.454;1.149;;;;;;
16:02:42.0;17.012;1.146;;;;;;
16:02:43.0;14.453;1.147;;;;;;
16:02:44.0;14.915;1.149;;;;;;
16:02:45.0;18.335;1.152;;;;;;
16:02:46.0;17.165;1.152;;;;;;
16:02:47.0;17.441;1.152;;;;;;
16:02:48.0;16.216;1.152;;;;;;
16:02:49.0;16.406;1.154;;;;;;
16:02:50.0;28.169;1.155;;;;;;
16:02:51.0;22.164;1.154;;;;;;
16:02:52.0;22.438;1.153;;;;;;
16:02:53.0;26.165;1.152;;;;;;
16:02:54.0;18.441;1.152;;;;;;
16:02:55.0;28.923;1.154;;;;;;
16:02:56.0;25.548;1.154;;;;;;
16:02:57.0;25.26;1.152;;;;;;
16:02:58.0;14.507;1.152;;;;;;
16:02:59.0;22.838;1.15;;;;;;
16:03:00.0;16.862;1.153;;;;;;
16:03:01.0;22.222;1.154;;;;;;
16:03:02.0;27.9;1.151;;;;;;
16:03:03.0;19.115;1.151;;;;;;
16:03:04.0;17.005;1.154;;;;;;
16:03:05.0;17.548;1.155;;;;;;
16:03:06.0;24.575;1.154;;;;;;
16:03:07.0;26.657;1.151;;;;;;
16:03:08.0;20.052;1.152;;;;;;
16:03:09.0;19.607;1.151;;;;;;
16:03:10.0;23.974;1.153;;;;;;
16:03:11.0;17.861;1.15;;;;;;
16:03:12.0;18.523;1.149;;;;;;
16:03:13.0;16.083;1.148;;;;;;
16:03:14.0;27.879;1.15;;;;;;
16:03:15.0;17.601;1.151;;;;;;
16:03:16.0;22.007;1.154;;;;;;
16:03:17.0;16.209;1.154;;;;;;
16:03:18.0;15.686;1.153;;;;;;
16:03:19.0;23.852;1.152;;;;;;
16:03:20.0;38.273;1.155;;;;;;
16:03:21.0;15.414;1.153;;;;;;
16:03:22.0;16.516;1.156;;;;;;
16:03:23.0;18.134;1.157;;;;;;
16:03:24.0;16.883;1.158;;;;;;
16:03:25.0;18.475;1.155;;;;;;
16:03:26.0;17.922;1.156;;;;;;
16:03:27.0;19.818;1.157;;;;;;
16:03:28.0;34.496;1.155;;;;;;
16:03:29.0;32.026;1.151;;;;;;
16:03:30.0;18.158;1.151;;;;;;
16:03:31.0;17.464;1.153;;;;;;
16:03:32.0;18.335;1.152;;;;;;
16:03:33.0;14.656;1.153;;;;;;
16:03:34.0;16.166;1.151;;;;;;
16:03:35.0;19.818;1.153;;;;;;
16:03:36.0;17.29;1.154;;;;;;
16:03:37.0;20.284;1.153;;;;;;
16:03:38.0;17.509;1.154;;;;;;
16:03:39.0;17.34;1.154;;;;;;
16:03:40.0;25.48;1.153;;;;;;
16:03:41.0;21.141;1.156;;;;;;
16:03:42.0;29.139;1.156;;;;;;
16:03:43.0;33.676;1.155;;;;;;
16:03:44.0;21.045;1.155;;;;;;
16:03:45.0;26.504;1.157;;;;;;
16:03:46.0;33.159;1.16;;;;;;
16:03:47.0;14.322;1.157;;;;;;
16:03:48.0;15.304;1.154;;;;;;
16:03:49.0;19.047;1.155;;;;;;
16:03:50.0;21.447;1.155;;;;;;
16:03:51.0;20.881;1.154;;;;;;
16:03:52.0;16.015;1.155;;;;;;
16:03:53.0;18.571;1.155;;;;;;
16:03:54.0;17.948;1.158;;;;;;
16:03:55.0;20.725;1.158;;;;;;
16:03:56.0;18.848;1.155;;;;;;
16:03:57.0;22.251;1.154;;;;;;
16:03:58.0;21.216;1.156;;;;;;
16:03:59.0;33.333;1.157;;;;;;
16:04:00.0;33.808;1.156;;;;;;
16:04:01.0;19.767;1.157;;;;;;
16:04:02.0;17.662;1.157;;;;;;
16:04:03.0;19.818;1.154;;;;;;
16:04:04.0;20.779;1.156;;;;;;
16:04:05.0;39.062;1.157;;;;;;
16:04:06.0;20.662;1.154;;;;;;
16:04:07.0;27.748;1.154;;;;;;
16:04:08.0;33.637;1.155;;;;;;
16:04:09.0;25.097;1.157;;;;;;
16:04:10.0;20.208;1.157;;;;;;
16:04:11.0;17.12;1.158;;;;;;
16:04:12.0;19.023;1.156;;;;;;
16:04:13.0;17.082;1.156;;;;;;
16:04:14.0;19.793;1.155;;;;;;
16:04:15.0;18.359;1.152;;;;;;
16:04:16.0;21.188;1.155;;;;;;
16:04:17.0;20.811;1.154;;;;;;
16:04:18.0;20.519;1.155;;;;;;
16:04:19.0;18.925;1.154;;;;;;
16:04:20.0;18.039;1.158;;;;;;
16:04:21.0;16.71;1.157;;;;;;
16:04:22.0;17.806;1.156;;;;;;
16:04:23.0;18.17;1.158;;;;;;
16:04:24.0;27.012;1.157;;;;;;
16:04:25.0;32.769;1.158;;;;;;
16:04:26.0;29.281;1.156;;;;;;
16:04:27.0;16.903;1.154;;;;;;
16:04:28.0;16.623;1.153;;;;;;
16:04:29.0;19.922;1.154;;;;;;
16:04:30.0;13.743;1.153;;;;;;
16:04:31.0;17.857;1.155;;;;;;
16:04:32.0;17.654;1.155;;;;;;
16:04:33.0;18.286;1.156;;;;;;
16:04:34.0;18.863;1.16;;;;;;
16:04:35.0;9.009;1.161;;;;;;
16:04:36.0;17.425;1.158;;;;;;
16:04:37.0;13.824;1.155;;;;;;
16:04:38.0;18.356;1.155;;;;;;
16:04:39.0;19.404;1.158;;;;;;
16:04:40.0;19.691;1.159;;;;;;
16:04:41.0;17.419;1.159;;;;;;
16:04:42.0;22.107;1.161;;;;;;
16:04:43.0;32.124;1.159;;;;;;
16:04:44.0;32.549;1.157;;;;;;
16:04:45.0;22.568;1.156;;;;;;
16:04:46.0;26.527;1.156;;;;;;
16:04:47.0;20.903;1.155;;;;;;
16:04:48.0;16.124;1.154;;;;;;
16:04:49.0;21.992;1.156;;;;;;
16:04:50.0;22.451;1.161;;;;;;
16:04:51.0;23.598;1.157;;;;;;
16:04:52.0;45.618;1.161;;;;;;
16:04:53.0;39.136;1.157;;;;;;
16:04:54.0;32.325;1.157;;;;;;
16:04:55.0;27.922;1.156;;;;;;
16:04:56.0;15.803;1.155;;;;;;
16:04:57.0;12.532;1.156;;;;;;
16:04:58.0;19.947;1.158;;;;;;
16:04:59.0;14.211;1.155;;;;;;
16:05:00.0;14.451;1.157;;;;;;
16:05:01.0;15.994;1.155;;;;;;
16:05:02.0;16.883;1.155;;;;;;
16:05:03.0;20.881;1.156;;;;;;
16:05:04.0;20.416;1.155;;;;;;
16:05:05.0;24.708;1.156;;;;;;
16:05:06.0;33.848;1.157;;;;;;
16:05:07.0;14.531;1.154;;;;;;
16:05:08.0;18.537;1.154;;;;;;
16:05:09.0;16.108;1.154;;;;;;
16:05:10.0;19.109;1.156;;;;;;
16:05:11.0;15.873;1.152;;;;;;
16:05:12.0;25.518;1.155;;;;;;
16:05:13.0;18.552;1.154;;;;;;
16:05:14.0;18.437;1.158;;;;;;
16:05:15.0;19.028;1.158;;;;;;
16:05:16.0;25.423;1.159;;;;;;
16:05:17.0;18.372;1.158;;;;;;
16:05:18.0;19.765;1.157;;;;;;
16:05:19.0;17.922;1.157;;;;;;
16:05:20.0;26.918;1.157;;;;;;
16:05:21.0;18.677;1.155;;;;;;
16:05:22.0;19.066;1.155;;;;;;
16:05:23.0;12.614;1.153;;;;;;
16:05:24.0;17.277;1.153;;;;;;
16:05:25.0;18.383;1.156;;;;;;
16:05:26.0;29.548;1.157;;;;;;
16:05:27.0;24.738;1.156;;;;;;
16:05:28.0;29.624;1.157;;;;;;
16:05:29.0;33.115;1.152;;;;;;
16:05:30.0;34.928;1.155;;;;;;
16:05:31.0;25.291;1.156;;;;;;
16:05:32.0;25.291;1.155;;;;;;
16:05:33.0;24.869;1.155;;;;;;
16:05:34.0;31.835;1.157;;;;;;
16:05:35.0;27.08;1.155;;;;;;
16:05:36.0;13.099;1.157;;;;;;
16:05:37.0;17.402;1.155;;;;;;
16:05:38.0;7.426;1.156;;;;;;
16:05:39.0;16.233;1.157;;;;;;
16:05:40.0;17.548;1.154;;;;;;
16:05:41.0;18.822;1.157;;;;;;
16:05:42.0;21.548;1.161;;;;;;
16:05:43.0;29.442;1.157;;;;;;
16:05:44.0;18.523;1.158;;;;;;
16:05:45.0;18.635;1.156;;;;;;
16:05:46.0;14.882;1.154;;;;;;
16:05:47.0;14.041;1.154;;;;;;
16:05:48.0;17.525;1.155;;;;;;
16:05:49.0;17.285;1.153;;;;;;
16:05:50.0;19.329;1.154;;;;;;
16:05:51.0;21.2;1.158;;;;;;
16:05:52.0;21.345;1.157;;;;;;
16:05:53.0;18.838;1.158;;;;;;
16:05:54.0;16.294;1.157;;;;;;
16:05:55.0;14.379;1.155;;;;;;
16:05:56.0;25.647;1.158;;;;;;
16:05:57.0;19.559;1.159;;;;;;
16:05:58.0;21.298;1.156;;;;;;
16:05:59.0;19.556;1.157;;;;;;
16:06:00.0;20.671;1.154;;;;;;
16:06:01.0;22.265;1.156;;;;;;
16:06:02.0;27.427;1.156;;;;;;
16:06:03.0;24.71;1.155;;;;;;
16:06:04.0;15.979;1.155;;;;;;
16:06:05.0;18.217;1.157;;;;;;
16:06:06.0;25.129;1.155;;;;;;
16:06:07.0;17.425;1.154;;;;;;
16:06:08.0;18.1;1.159;;;;;;
16:06:09.0;24.377;1.158;;;;;;
16:06:10.0;29.871;1.156;;;;;;
16:06:11.0;21.822;1.158;;;;;;
16:06:12.0;24.869;1.155;;;;;;
16:06:13.0;17.357;1.156;;;;;;
16:06:14.0;15.206;1.156;;;;;;
16:06:15.0;16.537;1.155;;;;;;
16:06:16.0;16.384;1.153;;;;;;
16:06:17.0;26.58;1.156;;;;;;
16:06:18.0;17.981;1.154;;;;;;
16:06:19.0;15.394;1.157;;;;;;
16:06:20.0;18.158;1.158;;;;;;
16:06:21.0;20.68;1.157;;;;;;
16:06:22.0;16.387;1.158;;;;;;
16:06:23.0;17.098;1.161;;;;;;
16:06:24.0;19.01;1.161;;;;;;
16:06:25.0;15.681;1.156;;;;;;
16:06:26.0;19.579;1.157;;;;;;
16:06:27.0;14.967;1.16;;;;;;
16:06:28.0;16.645;1.16;;;;;;
16:06:29.0;17.532;1.159;;;;;;
16:06:30.0;14.829;1.158;;;;;;
16:06:31.0;16.516;1.159;;;;;;
16:06:32.0;21.976;1.16;;;;;;
16:06:33.0;25.097;1.156;;;;;;
16:06:34.0;32.506;1.156;;;;;;
16:06:35.0;24.967;1.158;;;;;;
16:06:36.0;33.289;1.159;;;;;;
16:06:37.0;25.228;1.159;;;;;;
16:06:38.0;18.146;1.16;;;;;;
16:06:39.0;17.223;1.158;;;;;;
16:06:40.0;18.1;1.157;;;;;;
16:06:41.0;34.146;1.158;;;;;;
16:06:42.0;25.523;1.161;;;;;;
16:06:43.0;13.178;1.162;;;;;;
16:06:44.0;10.682;1.163;;;;;;
16:06:45.0;24.806;1.162;;;;;;
16:06:46.0;19.896;1.16;;;;;;
16:06:47.0;30.53;1.159;;;;;;
16:06:48.0;17.487;1.157;;;;;;
16:06:49.0;23.066;1.158;;;;;;
16:06:50.0;22.222;1.16;;;;;;
16:06:51.0;30.709;1.163;;;;;;
16:06:52.0;32.684;1.165;;;;;;
16:06:53.0;20.418;1.16;;;;;;
16:06:54.0;31.402;1.159;;;;;;
16:06:55.0;19.764;1.159;;;;;;
16:06:56.0;14.099;1.159;;;;;;
16:06:57.0;22.352;1.16;;;;;;
16:06:58.0;27.32;1.159;;;;;;
16:06:59.0;15.503;1.155;;;;;;
16:07:00.0;18.741;1.157;;;;;;
16:07:01.0;17.34;1.155;;;;;;
16:07:02.0;17.34;1.156;;;;;;
16:07:03.0;18.88;1.156;;;;;;
16:07:04.0;16.384;1.158;;;;;;
16:07:05.0;19.869;1.158;;;;;;
16:07:06.0;20.801;1.157;;;;;;
16:07:07.0;19.562;1.158;;;;;;
16:07:08.0;24.447;1.16;;;;;;
16:07:09.0;17.532;1.157;;;;;;
16:07:10.0;19.765;1.158;;;;;;
16:07:11.0;29.765;1.158;;;;;;
16:07:12.0;30.229;1.157;;;;;;
16:07:13.0;18.855;1.157;;;;;;
16:07:14.0;19.433;1.159;;;;;;
16:07:15.0;16.472;1.158;;;;;;
16:07:16.0;21.038;1.159;;;;;;
16:07:17.0;28.441;1.159;;;;;;
16:07:18.0;52.374;1.16;;;;;;
16:07:19.0;38.339;1.159;;;;;;
16:07:20.0;32.806;1.161;;;;;;
16:07:21.0;32.603;1.161;;;;;;
16:07:22.0;38.751;1.16;;;;;;
16:07:23.0;33.028;1.159;;;;;;
16:07:24.0;29.188;1.154;;;;;;
16:07:25.0;18.685;1.156;;;;;;
16:07:26.0;26.349;1.159;;;;;;
16:07:27.0;18.311;1.156;;;;;;
16:07:28.0;15.483;1.157;;;;;;
16:07:29.0;29.182;1.16;;;;;;
16:07:30.0;34.63;1.16;;;;;;
16:07:31.0;18.894;1.157;;;;;;
16:07:32.0;20.259;1.158;;;;;;
16:07:33.0;17.852;1.158;;;;;;
16:07:34.0;15.143;1.158;;;;;;
16:07:35.0;23.307;1.16;;;;;;
16:07:36.0;20.413;1.157;;;;;;
16:07:37.0;17.662;1.157;;;;;;
16:07:38.0;16.58;1.156;;;;;;
16:07:39.0;15.879;1.158;;;;;;
16:07:40.0;19.587;1.158;;;;;;
16:07:41.0;19.016;1.159;;;;;;
16:07:42.0;26.562;1.159;;;;;;
16:07:43.0;27.626;1.158;;;;;;
16:07:44.0;24.774;1.158;;;;;;
16:07:45.0;25.259;1.16;;;;;;
16:07:46.0;24.839;1.159;;;;;;
16:07:47.0;18.619;1.159;;;;;;
16:07:48.0;16.3;1.156;;;;;;
16:07:49.0;15.175;1.158;;;;;;
16:07:50.0;20.287;1.16;;;;;;
16:07:51.0;18.646;1.159;;;;;;
16:07:52.0;15.099;1.159;;;;;;
16:07:53.0;15.584;1.16;;;;;;
16:07:54.0;35.446;1.161;;;;;;
16:07:55.0;36.245;1.159;;;;;;
16:07:56.0;18.441;1.163;;;;;;
16:07:57.0;15.194;1.16;;;;;;
16:07:58.0;15.147;1.156;;;;;;
16:07:59.0;10.969;1.157;;;;;;
16:08:00.0;19.633;1.156;;;;;;
16:08:01.0;19.016;1.157;;;;;;
16:08:02.0;34.346;1.156;;;;;;
16:08:03.0;34.428;1.157;;;;;;
16:08:04.0;18.918;1.157;;;;;;
16:08:05.0;20.542;1.161;;;;;;
16:08:06.0;15.234;1.159;;;;;;
16:08:07.0;20.942;1.158;;;;;;
16:08:08.0;18.693;1.157;;;;;;
16:08:09.0;20.28;1.163;;;;;;
16:08:10.0;21.235;1.164;;;;;;
16:08:11.0;15.885;1.16;;;;;;
16:08:12.0;17.057;1.159;;;;;;
16:08:13.0;18.806;1.158;;;;;;
16:08:14.0;19.245;1.158;;;;;;
16:08:15.0;16.731;1.16;;;;;;
16:08:16.0;17.885;1.161;;;;;;
16:08:17.0;18.037;1.163;;;;;;
16:08:18.0;18.523;1.16;;;;;;
16:08:19.0;17.875;1.16;;;;;;
16:08:20.0;18.961;1.16;;;;;;
16:08:21.0;33.118;1.159;;;;;;
16:08:22.0;31.209;1.158;;;;;;
16:08:23.0;21.761;1.16;;;;;;
16:08:24.0;17.272;1.159;;;;;;
16:08:25.0;15.514;1.159;;;;;;
16:08:26.0;17.34;1.158;;;;;;
16:08:27.0;21.761;1.157;;;;;;
16:08:28.0;14.58;1.157;;;;;;
16:08:29.0;21.733;1.157;;;;;;
16:08:30.0;17.593;1.157;;;;;;
16:08:31.0;19.818;1.157;;;;;;
16:08:32.0;16.212;1.158;;;;;;
16:08:33.0;32.763;1.16;;;;;;
16:08:34.0;25.296;1.158;;;;;;
16:08:35.0;20.181;1.159;;;;;;
16:08:36.0;17.769;1.16;;;;;;
16:08:37.0;32.031;1.16;;;;;;
16:08:38.0;31.764;1.159;;;;;;
16:08:39.0;21.761;1.159;;;;;;
16:08:40.0;17.968;1.163;;;;;;
16:08:41.0;16.818;1.159;;;;;;
16:08:42.0;23.989;1.161;;;;;;
16:08:43.0;25.324;1.16;;;;;;
16:08:44.0;17.419;1.16;;;;;;
16:08:45.0;15.604;1.158;;;;;;
16:08:46.0;19.584;1.159;;;;;;
16:08:47.0;17.662;1.158;;;;;;
16:08:48.0;19.43;1.157;;;;;;
16:08:49.0;36.114;1.158;;;;;;
16:08:50.0;31.07;1.157;;;;;;
16:08:51.0;19.483;1.158;;;;;;
16:08:52.0;19.28;1.16;;;;;;
16:08:53.0;20.207;1.159;;;;;;
16:08:54.0;17.079;1.157;;;;;;
16:08:55.0;17.935;1.158;;;;;;
16:08:56.0;15.032;1.161;;;;;;
16:08:57.0;20.951;1.16;;;;;;
16:08:58.0;13.82;1.16;;;;;;
16:08:59.0;17.76;1.161;;;;;;
16:09:00.0;19.502;1.161;;;;;;
16:09:01.0;20.308;1.158;;;;;;
16:09:02.0;20;1.156;;;;;;
16:09:04.0;14.396;1.157;;;;;;
16:09:05.0;15.217;1.159;;;;;;
16:09:06.0;23.772;1.157;;;;;;
16:09:07.0;21.4;1.16;;;;;;
16:09:08.0;20.156;1.159;;;;;;
16:09:09.0;15.234;1.159;;;;;;
16:09:10.0;19.556;1.158;;;;;;
16:09:11.0;23.865;1.16;;;;;;
16:09:12.0;18.637;1.158;;;;;;
16:09:13.0;27.581;1.16;;;;;;
16:09:14.0;37.209;1.16;;;;;;
16:09:15.0;29.503;1.157;;;;;;
16:09:16.0;22.136;1.158;;;;;;
16:09:17.0;19.79;1.163;;;;;;
16:09:18.0;39.641;1.162;;;;;;
16:09:19.0;27.662;1.16;;;;;;
16:09:20.0;19.215;1.158;;;;;;
16:09:21.0;6.505;1.158;;;;;;
16:09:22.0;16.066;1.158;;;;;;
16:09:23.0;16.191;1.157;;;;;;
16:09:24.0;16.3;1.156;;;;;;
16:09:25.0;23.285;1.16;;;;;;
16:09:26.0;37.882;1.161;;;;;;
16:09:27.0;22.164;1.158;;;;;;
16:09:28.0;29.687;1.159;;;;;;
16:09:29.0;35.424;1.159;;;;;;
16:09:30.0;25.559;1.162;;;;;;
16:09:31.0;18.79;1.162;;;;;;
16:09:32.0;14.545;1.161;;;;;;
16:09:33.0;17.368;1.16;;;;;;
16:09:34.0;17.368;1.162;;;;;;
16:09:35.0;19.531;1.162;;;;;;
16:09:36.0;15.354;1.161;;;;;;
16:09:37.0;18.241;1.16;;;;;;
16:09:38.0;16.602;1.162;;;;;;
16:09:39.0;22.093;1.162;;;;;;
16:09:40.0;19.035;1.161;;;;;;
16:09:41.0;19.897;1.16;;;;;;
16:09:42.0;20.496;1.161;;;;;;
16:09:43.0;31.572;1.161;;;;;;
16:09:44.0;15.864;1.161;;;;;;
16:09:45.0;21.935;1.165;;;;;;
16:09:46.0;34.675;1.164;;;;;;
16:09:47.0;29.281;1.163;;;;;;
16:09:48.0;29.615;1.165;;;;;;
16:09:49.0;21.992;1.165;;;;;;
16:09:50.0;16.276;1.162;;;;;;
16:09:51.0;17.268;1.162;;;;;;
16:09:52.0;17.647;1.164;;;;;;
16:09:53.0;17.146;1.161;;;;;;
16:09:54.0;24.078;1.163;;;;;;
16:09:55.0;19.121;1.161;;;;;;
16:09:56.0;16.452;1.161;;;;;;
16:09:57.0;15.084;1.161;;;;;;
16:09:58.0;20.854;1.16;;;;;;
16:09:59.0;17.362;1.16;;;;;;
16:10:00.0;30.859;1.164;;;;;;
16:10:01.0;41.655;1.164;;;;;;
16:10:02.0;36.363;1.163;;;;;;
16:10:03.0;30.129;1.16;;;;;;
16:10:04.0;18.346;1.159;;;;;;
16:10:05.0;28.74;1.16;;;;;;
16:10:06.0;30.31;1.162;;;;;;
16:10:07.0;35.471;1.163;;;;;;
16:10:08.0;33.944;1.161;;;;;;
16:10:09.0;18.369;1.162;;;;;;
16:10:10.0;16.344;1.165;;;;;;
16:10:11.0;18.532;1.164;;;;;;
16:10:12.0;18.628;1.163;;;;;;
16:10:13.0;17.662;1.162;;;;;;
16:10:14.0;16.709;1.163;;;;;;
16:10:15.0;18.3;1.163;;;;;;
16:10:16.0;16.709;1.164;;;;;;
16:10:17.0;16.365;1.162;;;;;;
16:10:18.0;18.782;1.162;;;;;;
16:10:19.0;16.946;1.161;;;;;;
16:10:20.0;14.954;1.161;;;;;;
16:10:21.0;18.333;1.163;;;;;;
16:10:22.0;20.389;1.162;;;;;;
16:10:23.0;18.61;1.161;;;;;;
16:10:24.0;18.396;1.161;;;;;;
16:10:25.0;16.493;1.163;;;;;;
16:10:26.0;12.255;1.16;;;;;;
16:10:27.0;18.287;1.16;;;;;;
16:10:28.0;24.935;1.159;;;;;;
16:10:29.0;33.898;1.161;;;;;;
16:10:30.0;48.071;1.162;;;;;;
16:10:31.0;41.634;1.165;;;;;;
16:10:32.0;15.123;1.164;;;;;;
16:10:33.0;20.614;1.164;;;;;;
16:10:34.0;16.623;1.164;;;;;;
16:10:35.0;20.978;1.163;;;;;;
16:10:36.0;15.404;1.163;;;;;;
16:10:37.0;27.906;1.162;;;;;;
16:10:38.0;33.117;1.163;;;;;;
16:10:39.0;19.047;1.163;;;;;;
16:10:40.0;21.391;1.163;;;;;;
16:10:41.0;19.87;1.163;;;;;;
16:10:42.0;27.438;1.163;;;;;;
16:10:43.0;14.397;1.164;;;;;;
16:10:44.0;19.871;1.163;;;;;;
16:10:45.0;18.051;1.165;;;;;;
16:10:46.0;13.185;1.163;;;;;;
16:10:47.0;20.178;1.165;;;;;;
16:10:48.0;25.26;1.165;;;;;;
16:10:49.0;17.801;1.163;;;;;;
16:10:50.0;21.85;1.163;;;;;;
16:10:51.0;18.897;1.165;;;;;;
16:10:52.0;16.246;1.166;;;;;;
16:10:53.0;15.775;1.164;;;;;;
16:10:54.0;18.523;1.166;;;;;;
16:10:55.0;35.974;1.161;;;;;;
16:10:56.0;17.777;1.161;;;;;;
16:10:57.0;21.653;1.163;;;;;;
16:10:58.0;32.311;1.165;;;;;;
16:10:59.0;18.79;1.163;;;;;;
16:11:00.0;22.44;1.164;;;;;;
16:11:01.0;26.829;1.164;;;;;;
16:11:02.0;33.203;1.164;;;;;;
