16:29:04.0;0.319;1.149;;;;;;
16:29:05.0;15.656;1.148;;;;;;
16:29:06.0;31.29;1.15;;;;;;
16:29:07.0;41.397;1.154;;;;;;
16:29:08.0;35.37;1.158;;;;;;
16:29:09.0;26.744;1.159;;;;;;
16:29:10.0;22.709;1.16;;;;;;
16:29:11.0;28.047;1.159;;;;;;
16:29:12.0;18.383;1.156;;;;;;
16:29:13.0;28.645;1.159;;;;;;
16:29:14.0;38.441;1.16;;;;;;
16:29:15.0;35.216;1.16;;;;;;
16:29:16.0;37.221;1.162;;;;;;
16:29:17.0;37.745;1.163;;;;;;
16:29:18.0;31.701;1.161;;;;;;
16:29:19.0;21.168;1.16;;;;;;
16:29:20.0;32.031;1.161;;;;;;
16:29:21.0;36.71;1.184;;;;;;
16:29:22.0;17.165;1.164;;;;;;
16:29:23.0;20.077;1.163;;;;;;
16:29:24.0;47.051;1.161;;;;;;
16:29:25.0;34.55;1.159;;;;;;
16:29:26.0;35.218;1.162;;;;;;
16:29:27.0;26.727;1.162;;;;;;
16:29:28.0;32.026;1.162;;;;;;
16:29:29.0;32.026;1.162;;;;;;
16:29:30.0;42.231;1.162;;;;;;
16:29:31.0;42.802;1.163;;;;;;
16:29:32.0;38.591;1.16;;;;;;
16:29:33.0;38.2;1.16;;;;;;
16:29:34.0;29.773;1.162;;;;;;
16:29:35.0;31.07;1.161;;;;;;
16:29:36.0;20.13;1.162;;;;;;
16:29:37.0;21.391;1.164;;;;;;
16:29:38.0;18.848;1.16;;;;;;
16:29:39.0;17.076;1.16;;;;;;
16:29:40.0;18.437;1.161;;;;;;
16:29:41.0;18.637;1.16;;;;;;
16:29:42.0;24.513;1.161;;;;;;
16:29:43.0;38.138;1.162;;;;;;
16:29:44.0;31.655;1.163;;;;;;
16:29:45.0;31.462;1.164;;;;;;
16:29:46.0;17.908;1.16;;;;;;
16:29:47.0;20.31;1.158;;;;;;
16:29:48.0;20.466;1.16;;;;;;
16:29:49.0;19.922;1.165;;;;;;
16:29:50.0;26.58;1.166;;;;;;
16:29:51.0;39.661;1.163;;;;;;
16:29:52.0;23.994;1.164;;;;;;
16:29:53.0;33.72;1.179;;;;;;
16:29:54.0;43.393;1.162;;;;;;
16:29:55.0;28.514;1.16;;;;;;
16:29:56.0;32.552;1.165;;;;;;
16:29:57.0;24.115;1.161;;;;;;
16:29:58.0;15.906;1.162;;;;;;
16:29:59.0;20.572;1.161;;;;;;
16:30:00.0;18.193;1.161;;;;;;
16:30:01.0;22.987;1.164;;;;;;
16:30:02.0;19.25;1.162;;;;;;
16:30:03.0;18.098;1.162;;;;;;
16:30:04.0;42.931;1.167;;;;;;
16:30:05.0;28.833;1.165;;;;;;
16:30:06.0;28.793;1.17;;;;;;
16:30:07.0;19.921;1.162;;;;;;
16:30:08.0;20.539;1.16;;;;;;
16:30:09.0;17.509;1.162;;;;;;
16:30:10.0;20.887;1.158;;;;;;
16:30:11.0;20.957;1.159;;;;;;
16:30:12.0;34.856;1.161;;;;;;
16:30:13.0;28.145;1.161;;;;;;
16:30:14.0;24.062;1.187;;;;;;
16:30:15.0;16.472;1.165;;;;;;
16:30:16.0;23.582;1.165;;;;;;
16:30:17.0;31.372;1.165;;;;;;
16:30:18.0;37.679;1.163;;;;;;
16:30:19.0;25;1.163;;;;;;
16:30:20.0;21.4;1.164;;;;;;
16:30:21.0;20.653;1.161;;;;;;
16:30:22.0;19.974;1.162;;;;;;
16:30:23.0;21.456;1.162;;;;;;
16:30:24.0;19.531;1.162;;;;;;
16:30:25.0;18.098;1.166;;;;;;
16:30:26.0;17.861;1.165;;;;;;
16:30:27.0;19.631;1.163;;;;;;
16:30:28.0;17.601;1.163;;;;;;
16:30:29.0;19.003;1.162;;;;;;
16:30:30.0;31.209;1.161;;;;;;
16:30:31.0;31.38;1.163;;;;;;
16:30:32.0;36.739;1.165;;;;;;
16:30:33.0;37.354;1.165;;;;;;
16:30:34.0;34.289;1.164;;;;;;
16:30:35.0;33.159;1.167;;;;;;
16:30:36.0;36.821;1.167;;;;;;
16:30:37.0;37.467;1.167;;;;;;
16:30:38.0;46.623;1.168;;;;;;
16:30:39.0;36.063;1.164;;;;;;
16:30:40.0;28.701;1.164;;;;;;
16:30:41.0;20.416;1.162;;;;;;
16:30:42.0;17.685;1.163;;;;;;
16:30:43.0;26.39;1.163;;;;;;
16:30:44.0;21.919;1.162;;;;;;
16:30:45.0;19.295;1.163;;;;;;
16:30:46.0;20.903;1.165;;;;;;
16:30:47.0;25.71;1.167;;;;;;
16:30:48.0;24.575;1.167;;;;;;
16:30:49.0;18.241;1.164;;;;;;
16:30:50.0;22.164;1.164;;;;;;
16:30:51.0;37.962;1.164;;;;;;
16:30:52.0;27.922;1.162;;;;;;
16:30:53.0;28.067;1.16;;;;;;
16:30:54.0;20.104;1.161;;;;;;
16:30:55.0;19.354;1.185;;;;;;
16:30:56.0;16.318;1.165;;;;;;
16:30:57.0;15.424;1.163;;;;;;
16:30:58.0;18.717;1.165;;;;;;
16:30:59.0;16.472;1.164;;;;;;
16:31:00.0;19.047;1.164;;;;;;
16:31:01.0;25.814;1.16;;;;;;
16:31:02.0;19.974;1.162;;;;;;
16:31:03.0;19.712;1.162;;;;;;
16:31:04.0;20.077;1.162;;;;;;
16:31:05.0;18.002;1.162;;;;;;
16:31:06.0;20.103;1.165;;;;;;
16:31:07.0;18.087;1.165;;;;;;
16:31:08.0;31.016;1.165;;;;;;
16:31:09.0;36.411;1.165;;;;;;
16:31:10.0;30.911;1.164;;;;;;
16:31:11.0;32.287;1.164;;;;;;
16:31:12.0;29.761;1.163;;;;;;
16:31:13.0;27.662;1.163;;;;;;
16:31:14.0;35.211;1.164;;;;;;
16:31:15.0;29.806;1.165;;;;;;
16:31:16.0;33.762;1.168;;;;;;
16:31:17.0;19.375;1.166;;;;;;
16:31:18.0;37.872;1.161;;;;;;
16:31:19.0;35.078;1.163;;;;;;
16:31:20.0;39.709;1.164;;;;;;
16:31:21.0;34.554;1.164;;;;;;
16:31:22.0;41.634;1.165;;;;;;
16:31:23.0;36.031;1.165;;;;;;
16:31:24.0;43.88;1.165;;;;;;
16:31:25.0;33.421;1.164;;;;;;
16:31:26.0;38.391;1.163;;;;;;
16:31:27.0;27.14;1.164;;;;;;
16:31:28.0;21.465;1.161;;;;;;
16:31:29.0;18.348;1.164;;;;;;
16:31:30.0;16.212;1.166;;;;;;
16:31:31.0;17.509;1.163;;;;;;
16:31:33.0;17.541;1.162;;;;;;
16:31:34.0;16.688;1.162;;;;;;
16:31:35.0;12.156;1.165;;;;;;
16:31:36.0;24.226;1.164;;;;;;
16:31:37.0;20.838;1.163;;;;;;
16:31:38.0;20.36;1.163;;;;;;
16:31:39.0;20.599;1.162;;;;;;
16:31:40.0;21.976;1.162;;;;;;
16:31:41.0;16.688;1.162;;;;;;
16:31:42.0;28.201;1.165;;;;;;
16:31:43.0;18.998;1.164;;;;;;
16:31:44.0;17.815;1.164;;;;;;
16:31:45.0;16.944;1.16;;;;;;
16:31:46.0;16.752;1.162;;;;;;
16:31:47.0;17.692;1.161;;;;;;
16:31:48.0;19.295;1.163;;;;;;
16:31:49.0;18.158;1.162;;;;;;
16:31:50.0;17.692;1.164;;;;;;
16:31:51.0;24.71;1.162;;;;;;
16:31:52.0;18.062;1.163;;;;;;
16:31:53.0;22.077;1.165;;;;;;
16:31:54.0;22.308;1.164;;;;;;
16:31:55.0;16.71;1.162;;;;;;
16:31:56.0;16.12;1.163;;;;;;
16:31:57.0;22.193;1.163;;;;;;
16:31:58.0;17.609;1.164;;;;;;
16:31:59.0;17.992;1.163;;;;;;
16:32:00.0;22.897;1.162;;;;;;
16:32:01.0;20.442;1.165;;;;;;
16:32:02.0;18.911;1.165;;;;;;
16:32:03.0;24.543;1.164;;;;;;
16:32:04.0;19.531;1.163;;;;;;
16:32:05.0;18.217;1.164;;;;;;
16:32:06.0;11.428;1.16;;;;;;
16:32:07.0;10.927;1.161;;;;;;
16:32:08.0;19.531;1.165;;;;;;
16:32:09.0;16.601;1.164;;;;;;
16:32:10.0;16.149;1.164;;;;;;
16:32:11.0;19.422;1.164;;;;;;
16:32:12.0;17.81;1.165;;;;;;
16:32:13.0;15.483;1.164;;;;;;
16:32:14.0;17.419;1.165;;;;;;
16:32:15.0;26.432;1.164;;;;;;
16:32:16.0;15.424;1.164;;;;;;
16:32:17.0;17.861;1.166;;;;;;
16:32:18.0;18.814;1.163;;;;;;
16:32:19.0;22.007;1.161;;;;;;
16:32:20.0;19.25;1.162;;;;;;
16:32:21.0;21.419;1.161;;;;;;
16:32:22.0;18.571;1.161;;;;;;
16:32:23.0;16.187;1.163;;;;;;
16:32:24.0;15.714;1.162;;;;;;
16:32:25.0;15.254;1.164;;;;;;
16:32:26.0;23.298;1.165;;;;;;
16:32:27.0;19.426;1.163;;;;;;
16:32:28.0;14.285;1.164;;;;;;
16:32:29.0;19.23;1.164;;;;;;
16:32:30.0;22.797;1.164;;;;;;
16:32:31.0;20.128;1.162;;;;;;
16:32:32.0;17.898;1.164;;;;;;
16:32:33.0;13.856;1.164;;;;;;
16:32:34.0;18.489;1.165;;;;;;
16:32:35.0;30.271;1.167;;;;;;
16:32:36.0;19.947;1.165;;;;;;
16:32:37.0;19.663;1.166;;;;;;
16:32:38.0;20.752;1.166;;;;;;
16:32:39.0;27.999;1.165;;;;;;
16:32:40.0;21.761;1.165;;;;;;
16:32:41.0;19.712;1.165;;;;;;
16:32:42.0;19.27;1.164;;;;;;
16:32:43.0;32.11;1.165;;;;;;
16:32:44.0;38.281;1.165;;;;;;
16:32:45.0;30.971;1.164;;;;;;
16:32:46.0;20.99;1.164;;;;;;
16:32:47.0;19.868;1.164;;;;;;
16:32:48.0;28.994;1.162;;;;;;
16:32:49.0;34.889;1.162;;;;;;
16:32:50.0;19.354;1.163;;;;;;
16:32:51.0;15.564;1.163;;;;;;
16:32:52.0;21.011;1.164;;;;;;
16:32:53.0;32.311;1.166;;;;;;
16:32:54.0;17.076;1.165;;;;;;
16:32:55.0;18.369;1.164;;;;;;
16:32:56.0;21.907;1.163;;;;;;
16:32:57.0;14.901;1.164;;;;;;
16:32:58.0;14.896;1.163;;;;;;
16:32:59.0;17.532;1.165;;;;;;
16:33:00.0;21.364;1.189;;;;;;
16:33:01.0;27.332;1.189;;;;;;
16:33:02.0;24.577;1.175;;;;;;
16:33:03.0;18.613;1.167;;;;;;
16:33:04.0;20.234;1.165;;;;;;
16:33:05.0;22.978;1.166;;;;;;
16:33:06.0;22.774;1.164;;;;;;
16:33:07.0;22.804;1.164;;;;;;
16:33:08.0;27.763;1.164;;;;;;
16:33:09.0;14.713;1.164;;;;;;
16:33:10.0;18.967;1.166;;;;;;
16:33:11.0;16.237;1.167;;;;;;
16:33:12.0;16.129;1.165;;;;;;
16:33:13.0;18.855;1.164;;;;;;
16:33:14.0;15.364;1.163;;;;;;
16:33:15.0;15.274;1.163;;;;;;
16:33:16.0;17.532;1.162;;;;;;
16:33:17.0;16.988;1.162;;;;;;
16:33:18.0;28.552;1.165;;;;;;
16:33:19.0;33.854;1.165;;;;;;
16:33:20.0;38.02;1.163;;;;;;
16:33:21.0;24.611;1.162;;;;;;
16:33:22.0;15.782;1.161;;;;;;
16:33:23.0;11.111;1.163;;;;;;
16:33:24.0;19.115;1.168;;;;;;
16:33:25.0;34.496;1.169;;;;;;
16:33:26.0;20.418;1.168;;;;;;
16:33:27.0;18.087;1.165;;;;;;
16:33:28.0;17.525;1.163;;;;;;
16:33:29.0;19.638;1.162;;;;;;
16:33:30.0;18.217;1.161;;;;;;
16:33:31.0;18.513;1.162;;;;;;
16:33:32.0;18.782;1.162;;;;;;
16:33:33.0;18.897;1.162;;;;;;
16:33:34.0;18.051;1.162;;;;;;
16:33:35.0;31.202;1.164;;;;;;
16:33:36.0;40.706;1.164;;;;;;
16:33:37.0;31.201;1.163;;;;;;
16:33:38.0;18.407;1.164;;;;;;
16:33:39.0;18.831;1.162;;;;;;
16:33:40.0;20.156;1.186;;;;;;
16:33:41.0;25.95;1.165;;;;;;
16:33:42.0;25.548;1.167;;;;;;
16:33:43.0;22.351;1.165;;;;;;
16:33:44.0;27.331;1.166;;;;;;
16:33:45.0;34.025;1.165;;;;;;
16:33:46.0;33.771;1.166;;;;;;
16:33:47.0;38.73;1.166;;;;;;
16:33:48.0;26.605;1.164;;;;;;
16:33:49.0;46.675;1.17;;;;;;
16:33:50.0;32.987;1.175;;;;;;
16:33:51.0;38.471;1.184;;;;;;
16:33:52.0;39.559;1.172;;;;;;
16:33:53.0;28.943;1.168;;;;;;
16:33:54.0;25.806;1.167;;;;;;
16:33:55.0;21.168;1.167;;;;;;
16:33:56.0;21.168;1.166;;;;;;
16:33:57.0;32.375;1.166;;;;;;
16:33:58.0;30.759;1.165;;;;;;
16:33:59.0;46.262;1.167;;;;;;
16:34:00.0;34.168;1.165;;;;;;
16:34:01.0;30.287;1.165;;;;;;
16:34:02.0;26.613;1.166;;;;;;
16:34:03.0;21.168;1.167;;;;;;
16:34:04.0;23.544;1.167;;;;;;
16:34:05.0;22.44;1.165;;;;;;
16:34:06.0;15.775;1.168;;;;;;
16:34:07.0;19.693;1.167;;;;;;
16:34:08.0;21.282;1.167;;;;;;
16:34:09.0;18.24;1.165;;;;;;
16:34:10.0;21.126;1.165;;;;;;
16:34:11.0;17.187;1.164;;;;;;
16:34:12.0;18.217;1.165;;;;;;
16:34:13.0;17.769;1.165;;;;;;
16:34:14.0;19.87;1.168;;;;;;
16:34:15.0;17.277;1.168;;;;;;
16:34:16.0;15.175;1.166;;;;;;
16:34:17.0;15.135;1.167;;;;;;
16:34:18.0;21.282;1.165;;;;;;
16:34:19.0;18.393;1.165;;;;;;
16:34:20.0;19.295;1.166;;;;;;
16:34:21.0;34.326;1.168;;;;;;
16:34:22.0;36.47;1.186;;;;;;
16:34:23.0;22.094;1.168;;;;;;
16:34:24.0;20.312;1.167;;;;;;
16:34:25.0;18.028;1.165;;;;;;
16:34:26.0;26.03;1.165;;;;;;
16:34:27.0;22.827;1.166;;;;;;
16:34:28.0;18.537;1.167;;;;;;
16:34:29.0;21.586;1.164;;;;;;
16:34:30.0;20.026;1.166;;;;;;
16:34:31.0;17.82;1.166;;;;;;
16:34:32.0;27.037;1.168;;;;;;
16:34:33.0;21.773;1.166;;;;;;
16:34:34.0;33.158;1.165;;;;;;
16:34:35.0;21.53;1.166;;;;;;
16:34:36.0;24.704;1.165;;;;;;
16:34:37.0;43.026;1.165;;;;;;
16:34:38.0;31.177;1.162;;;;;;
16:34:39.0;22.845;1.163;;;;;;
16:34:40.0;22.957;1.167;;;;;;
16:34:41.0;18.523;1.167;;;;;;
16:34:42.0;18.992;1.168;;;;;;
16:34:43.0;26.797;1.169;;;;;;
16:34:44.0;41.222;1.166;;;;;;
16:34:45.0;36.883;1.166;;;;;;
16:34:46.0;18.039;1.163;;;;;;
16:34:47.0;16.883;1.165;;;;;;
16:34:48.0;25.979;1.165;;;;;;
16:34:49.0;21.773;1.165;;;;;;
16:34:50.0;21.045;1.165;;;;;;
16:34:51.0;29.792;1.165;;;;;;
16:34:52.0;23.476;1.166;;;;;;
16:34:53.0;32.124;1.165;;;;;;
16:34:54.0;31.71;1.167;;;;;;
16:34:55.0;36.632;1.174;;;;;;
16:34:56.0;32.857;1.168;;;;;;
16:34:57.0;33.769;1.167;;;;;;
16:34:58.0;35.714;1.167;;;;;;
16:34:59.0;21.494;1.167;;;;;;
16:35:00.0;19.354;1.168;;;;;;
16:35:01.0;8.706;1.165;;;;;;
16:35:02.0;28.961;1.166;;;;;;
16:35:03.0;42.372;1.181;;;;;;
16:35:04.0;44.98;1.171;;;;;;
16:35:05.0;20.969;1.167;;;;;;
16:35:06.0;19.225;1.167;;;;;;
16:35:07.0;29.634;1.168;;;;;;
16:35:08.0;38.845;1.169;;;;;;
16:35:09.0;34.656;1.166;;;;;;
16:35:10.0;22.294;1.166;;;;;;
16:35:11.0;20.599;1.166;;;;;;
16:35:12.0;18.051;1.165;;;;;;
16:35:13.0;18.286;1.166;;;;;;
16:35:14.0;26.322;1.169;;;;;;
16:35:15.0;19.375;1.168;;;;;;
16:35:16.0;18.595;1.167;;;;;;
16:35:17.0;17.685;1.166;;;;;;
16:35:18.0;16.796;1.166;;;;;;
16:35:19.0;17.861;1.164;;;;;;
16:35:20.0;18.489;1.166;;;;;;
16:35:21.0;19.22;1.164;;;;;;
16:35:22.0;19.078;1.163;;;;;;
16:35:23.0;36.118;1.167;;;;;;
16:35:24.0;18.798;1.168;;;;;;
16:35:25.0;18.028;1.171;;;;;;
16:35:26.0;18.111;1.168;;;;;;
16:35:27.0;16.881;1.168;;;;;;
16:35:28.0;23.748;1.17;;;;;;
16:35:29.0;17.187;1.167;;;;;;
16:35:30.0;19.791;1.168;;;;;;
16:35:31.0;27.189;1.169;;;;;;
16:35:32.0;26.451;1.17;;;;;;
16:35:33.0;21.168;1.17;;;;;;
16:35:34.0;16.124;1.167;;;;;;
16:35:35.0;15.474;1.165;;;;;;
16:35:36.0;16.046;1.166;;;;;;
16:35:37.0;16.817;1.17;;;;;;
16:35:38.0;21.548;1.168;;;;;;
16:35:39.0;25.064;1.168;;;;;;
16:35:40.0;44.328;1.168;;;;;;
16:35:41.0;34.428;1.167;;;;;;
16:35:42.0;37.728;1.166;;;;;;
16:35:43.0;35.362;1.171;;;;;;
16:35:44.0;45.161;1.19;;;;;;
16:35:45.0;31.77;1.166;;;;;;
16:35:46.0;21.806;1.168;;;;;;
16:35:47.0;19.612;1.168;;;;;;
16:35:48.0;18.741;1.17;;;;;;
16:35:49.0;19.559;1.168;;;;;;
16:35:50.0;16.644;1.169;;;;;;
16:35:51.0;20.915;1.168;;;;;;
16:35:52.0;18.741;1.167;;;;;;
16:35:53.0;31.606;1.168;;;;;;
16:35:54.0;46.915;1.174;;;;;;
16:35:55.0;35.239;1.17;;;;;;
16:35:56.0;33.112;1.171;;;;;;
16:35:57.0;33.594;1.169;;;;;;
16:35:58.0;28.108;1.17;;;;;;
16:35:59.0;42.357;1.17;;;;;;
16:36:00.0;21.96;1.171;;;;;;
16:36:01.0;24.066;1.171;;;;;;
16:36:02.0;32.936;1.17;;;;;;
16:36:03.0;42.112;1.169;;;;;;
16:36:04.0;40.183;1.167;;;;;;
16:36:05.0;32.722;1.167;;;;;;
16:36:06.0;47.422;1.17;;;;;;
16:36:07.0;40.179;1.168;;;;;;
16:36:08.0;40.755;1.169;;;;;;
16:36:09.0;35.256;1.17;;;;;;
16:36:10.0;36.684;1.169;;;;;;
16:36:11.0;19.973;1.168;;;;;;
16:36:12.0;23.276;1.17;;;;;;
16:36:13.0;17.385;1.171;;;;;;
16:36:14.0;19.17;1.169;;;;;;
16:36:15.0;21.948;1.172;;;;;;
16:36:16.0;17.098;1.169;;;;;;
16:36:17.0;21.262;1.169;;;;;;
16:36:19.0;22.908;1.174;;;;;;
16:36:20.0;25.359;1.171;;;;;;
16:36:21.0;19.426;1.169;;;;;;
16:36:22.0;20.442;1.171;;;;;;
16:36:23.0;19.687;1.171;;;;;;
16:36:24.0;29.35;1.172;;;;;;
16:36:25.0;26.295;1.171;;;;;;
16:36:26.0;19.973;1.168;;;;;;
16:36:27.0;20.416;1.169;;;;;;
16:36:28.0;19.023;1.167;;;;;;
16:36:29.0;16.993;1.169;;;;;;
16:36:30.0;18.193;1.168;;;;;;
16:36:31.0;22.985;1.169;;;;;;
16:36:32.0;17.295;1.167;;;;;;
16:36:33.0;18.265;1.166;;;;;;
16:36:34.0;18.58;1.167;;;;;;
16:36:35.0;9.355;1.169;;;;;;
16:36:36.0;17.431;1.168;;;;;;
16:36:37.0;21.262;1.168;;;;;;
16:36:38.0;15.968;1.171;;;;;;
16:36:39.0;16.666;1.171;;;;;;
16:36:40.0;26.736;1.173;;;;;;
16:36:41.0;37.285;1.169;;;;;;
16:36:42.0;36.139;1.171;;;;;;
16:36:43.0;28.571;1.17;;;;;;
16:36:44.0;26.623;1.169;;;;;;
16:36:45.0;30.789;1.17;;;;;;
16:36:46.0;25.518;1.17;;;;;;
16:36:47.0;25.492;1.173;;;;;;
16:36:48.0;17.931;1.172;;;;;;
16:36:49.0;20.051;1.171;;;;;;
16:36:50.0;25.359;1.168;;;;;;
16:36:51.0;17.708;1.166;;;;;;
16:36:52.0;21.243;1.165;;;;;;
16:36:53.0;29.715;1.169;;;;;;
16:36:54.0;32.129;1.169;;;;;;
16:36:55.0;34.736;1.169;;;;;;
16:36:56.0;35.582;1.169;;;;;;
16:36:57.0;24.704;1.171;;;;;;
16:36:58.0;35.135;1.169;;;;;;
16:37:00.0;30.295;1.169;;;;;;
16:37:01.0;34.922;1.167;;;;;;
16:37:02.0;34.731;1.17;;;;;;
16:37:03.0;27.806;1.167;;;;;;
16:37:04.0;34.203;1.169;;;;;;
16:37:05.0;37.958;1.169;;;;;;
16:37:06.0;33.815;1.168;;;;;;
16:37:07.0;30.338;1.166;;;;;;
16:37:08.0;33.246;1.165;;;;;;
16:37:09.0;15.625;1.165;;;;;;
16:37:10.0;19.579;1.168;;;;;;
16:37:11.0;21.011;1.167;;;;;;
16:37:12.0;17.076;1.166;;;;;;
16:37:13.0;24.191;1.169;;;;;;
16:37:14.0;36.197;1.168;;;;;;
16:37:15.0;36.61;1.168;;;;;;
16:37:16.0;25.523;1.17;;;;;;
16:37:17.0;37.597;1.168;;;;;;
16:37:18.0;33.376;1.168;;;;;;
16:37:19.0;28.795;1.166;;;;;;
16:37:20.0;17.7;1.166;;;;;;
16:37:21.0;20.881;1.166;;;;;;
16:37:22.0;20.649;1.168;;;;;;
16:37:23.0;33.42;1.168;;;;;;
16:37:24.0;31.323;1.168;;;;;;
16:37:25.0;22.997;1.168;;;;;;
16:37:26.0;28.252;1.167;;;;;;
16:37:27.0;20.866;1.169;;;;;;
16:37:28.0;18.181;1.168;;;;;;
16:37:29.0;18.635;1.167;;;;;;
16:37:30.0;16.859;1.168;;;;;;
16:37:31.0;32.349;1.169;;;;;;
16:37:32.0;37.89;1.168;;;;;;
16:37:33.0;40;1.169;;;;;;
16:37:34.0;38.713;1.17;;;;;;
16:37:35.0;36.649;1.168;;;;;;
16:37:36.0;38.874;1.169;;;;;;
16:37:37.0;44.487;1.17;;;;;;
16:37:38.0;45.654;1.171;;;;;;
16:37:39.0;47.656;1.189;;;;;;
16:37:40.0;39.922;1.172;;;;;;
16:37:41.0;39.299;1.171;;;;;;
16:37:42.0;47.375;1.172;;;;;;
16:37:43.0;38.481;1.173;;;;;;
16:37:44.0;22.875;1.169;;;;;;
16:37:45.0;17.295;1.169;;;;;;
16:37:46.0;19.947;1.169;;;;;;
16:37:47.0;25.357;1.169;;;;;;
16:37:48.0;18.552;1.168;;;;;;
16:37:49.0;20.707;1.169;;;;;;
16:37:50.0;20.469;1.171;;;;;;
16:37:51.0;28.165;1.166;;;;;;
16:37:52.0;23.704;1.167;;;;;;
16:37:53.0;33.118;1.17;;;;;;
16:37:54.0;32.812;1.173;;;;;;
16:37:55.0;17.968;1.173;;;;;;
16:37:56.0;21.632;1.173;;;;;;
16:37:57.0;19.17;1.176;;;;;;
16:37:58.0;16.258;1.174;;;;;;
16:37:59.0;15.858;1.171;;;;;;
16:38:00.0;21.086;1.17;;;;;;
16:38:01.0;19.115;1.171;;;;;;
16:38:02.0;21.093;1.173;;;;;;
16:38:03.0;22.279;1.172;;;;;;
16:38:04.0;19.974;1.17;;;;;;
16:38:05.0;17.685;1.169;;;;;;
16:38:06.0;19.09;1.172;;;;;;
16:38:07.0;15.87;1.171;;;;;;
16:38:08.0;20.951;1.174;;;;;;
16:38:09.0;26.932;1.176;;;;;;
16:38:10.0;38.303;1.177;;;;;;
16:38:11.0;31.016;1.173;;;;;;
16:38:12.0;40.755;1.172;;;;;;
16:38:13.0;31.957;1.173;;;;;;
16:38:14.0;41.261;1.173;;;;;;
16:38:15.0;35.071;1.171;;;;;;
16:38:16.0;39.607;1.171;;;;;;
16:38:17.0;35.046;1.168;;;;;;
16:38:18.0;8.975;1.171;;;;;;
16:38:19.0;21.196;1.17;;;;;;
16:38:20.0;20.957;1.17;;;;;;
16:38:21.0;23.363;1.172;;;;;;
16:38:22.0;20.209;1.168;;;;;;
16:38:23.0;20.261;1.171;;;;;;
16:38:24.0;17.47;1.168;;;;;;
16:38:25.0;18.157;1.167;;;;;;
16:38:26.0;29.328;1.17;;;;;;
16:38:27.0;41.338;1.17;;;;;;
16:38:28.0;26.274;1.169;;;;;;
16:38:29.0;16.623;1.171;;;;;;
16:38:30.0;17.754;1.171;;;;;;
16:38:31.0;20.951;1.17;;;;;;
16:38:32.0;21.875;1.17;;;;;;
16:38:33.0;21.018;1.17;;;;;;
16:38:34.0;33.376;1.172;;;;;;
16:38:35.0;42.242;1.17;;;;;;
16:38:36.0;37.582;1.171;;;;;;
16:38:37.0;28.552;1.17;;;;;;
16:38:38.0;36.304;1.169;;;;;;
16:38:39.0;39.354;1.172;;;;;;
16:38:40.0;42.592;1.167;;;;;;
16:38:41.0;31.812;1.168;;;;;;
16:38:42.0;15.714;1.17;;;;;;
16:38:43.0;21.419;1.169;;;;;;
16:38:44.0;17.335;1.168;;;;;;
16:38:45.0;21.699;1.169;;;;;;
16:38:46.0;52.798;1.168;;;;;;
16:38:47.0;36.375;1.169;;;;;;
16:38:48.0;37.549;1.166;;;;;;
16:38:49.0;38.541;1.168;;;;;;
16:38:50.0;40.052;1.168;;;;;;
16:38:51.0;42.463;1.171;;;;;;
16:38:52.0;33.813;1.171;;;;;;
16:38:53.0;39.607;1.17;;;;;;
16:38:54.0;37.516;1.17;;;;;;
16:38:55.0;28.01;1.168;;;;;;
16:38:56.0;23.778;1.167;;;;;;
16:38:57.0;28.404;1.17;;;;;;
16:38:58.0;39.119;1.172;;;;;;
16:38:59.0;31.143;1.171;;;;;;
16:39:00.0;29.182;1.171;;;;;;
16:39:01.0;38.169;1.19;;;;;;
16:39:02.0;38.401;1.167;;;;;;
16:39:03.0;37.745;1.167;;;;;;
16:39:04.0;21.128;1.166;;;;;;
16:39:05.0;19.3;1.167;;;;;;
16:39:06.0;22.597;1.168;;;;;;
16:39:07.0;19.48;1.168;;;;;;
16:39:08.0;16.71;1.166;;;;;;
16:39:09.0;16.71;1.166;;;;;;
16:39:10.0;15.485;1.166;;;;;;
16:39:11.0;19.426;1.168;;;;;;
16:39:12.0;20.103;1.173;;;;;;
16:39:13.0;19.74;1.171;;;;;;
16:39:14.0;19.422;1.171;;;;;;
16:39:15.0;17.098;1.172;;;;;;
16:39:16.0;19.896;1.171;;;;;;
16:39:17.0;16.775;1.171;;;;;;
16:39:18.0;19.27;1.169;;;;;;
16:39:19.0;17.578;1.167;;;;;;
16:39:20.0;18.855;1.167;;;;;;
16:39:21.0;18.75;1.168;;;;;;
16:39:22.0;18.087;1.167;;;;;;
16:39:23.0;17.374;1.167;;;;;;
16:39:24.0;18.356;1.169;;;;;;
16:39:25.0;24.807;1.174;;;;;;
16:39:26.0;20.026;1.173;;;;;;
16:39:27.0;17.464;1.168;;;;;;
16:39:28.0;16.297;1.167;;;;;;
16:39:29.0;17.209;1.166;;;;;;
16:39:30.0;19.607;1.167;;;;;;
16:39:31.0;18.075;1.168;;;;;;
16:39:32.0;19.22;1.171;;;;;;
16:39:33.0;29.15;1.17;;;;;;
16:39:34.0;19.25;1.168;;;;;;
16:39:36.0;17.889;1.168;;;;;;
16:39:37.0;25.906;1.168;;;;;;
16:39:38.0;17.352;1.167;;;;;;
16:39:39.0;22.454;1.169;;;;;;
16:39:40.0;32.368;1.17;;;;;;
16:39:41.0;34.68;1.166;;;;;;
16:39:42.0;24.704;1.168;;;;;;
16:39:43.0;19.843;1.169;;;;;;
16:39:44.0;18.974;1.165;;;;;;
16:39:45.0;17.708;1.166;;;;;;
16:39:46.0;20.155;1.168;;;;;;
16:39:47.0;18.774;1.168;;;;;;
16:39:48.0;19.895;1.167;;;;;;
16:39:49.0;20.341;1.166;;;;;;
16:39:50.0;16.864;1.167;;;;;;
16:39:51.0;16.796;1.168;;;;;;
16:39:52.0;22.02;1.17;;;;;;
16:39:53.0;17.076;1.168;;;;;;
16:39:54.0;20.076;1.169;;;;;;
16:39:55.0;14.378;1.166;;;;;;
16:39:56.0;14.954;1.167;;;;;;
16:39:57.0;17.935;1.165;;;;;;
16:39:58.0;20.887;1.167;;;;;;
16:39:59.0;16.318;1.165;;;;;;
16:40:00.0;12.796;1.167;;;;;;
16:40:01.0;18.229;1.167;;;;;;
16:40:02.0;24.23;1.167;;;;;;
16:40:03.0;21.086;1.166;;;;;;
16:40:04.0;16.905;1.168;;;;;;
16:40:06.0;17.616;1.168;;;;;;
16:40:07.0;15.637;1.166;;;;;;
16:40:08.0;19.818;1.169;;;;;;
16:40:09.0;19.19;1.167;;;;;;
16:40:10.0;19.27;1.168;;;;;;
16:40:11.0;17.754;1.17;;;;;;
16:40:12.0;13.01;1.171;;;;;;
16:40:13.0;13.478;1.172;;;;;;
16:40:14.0;24.481;1.173;;;;;;
16:40:15.0;29.595;1.174;;;;;;
16:40:16.0;19.767;1.173;;;;;;
16:40:17.0;36.269;1.172;;;;;;
16:40:18.0;19.179;1.169;;;;;;
16:40:19.0;20.284;1.169;;;;;;
16:40:20.0;15.686;1.169;;;;;;
16:40:21.0;21.963;1.168;;;;;;
16:40:22.0;34.469;1.169;;;;;;
16:40:23.0;36.993;1.169;;;;;;
16:40:24.0;40.915;1.172;;;;;;
16:40:25.0;35.836;1.172;;;;;;
16:40:26.0;49.042;1.173;;;;;;
16:40:27.0;34.025;1.17;;;;;;
16:40:28.0;32.474;1.169;;;;;;
16:40:29.0;30.62;1.172;;;;;;
16:40:30.0;30.486;1.17;;;;;;
16:40:31.0;19.61;1.17;;;;;;
16:40:32.0;20;1.171;;;;;;
16:40:33.0;38.402;1.171;;;;;;
16:40:34.0;35.937;1.171;;;;;;
16:40:35.0;28.795;1.17;;;;;;
16:40:36.0;29.434;1.168;;;;;;
16:40:37.0;22.352;1.169;;;;;;
16:40:38.0;26.71;1.17;;;;;;
16:40:39.0;40.052;1.17;;;;;;
16:40:40.0;31.168;1.173;;;;;;
16:40:41.0;25.921;1.173;;;;;;
16:40:42.0;31.38;1.172;;;;;;
16:40:43.0;18.758;1.17;;;;;;
16:40:44.0;18.848;1.168;;;;;;
16:40:45.0;17.968;1.169;;;;;;
16:40:46.0;18.571;1.171;;;;;;
16:40:47.0;20.546;1.168;;;;;;
16:40:48.0;18.855;1.167;;;;;;
16:40:49.0;17.677;1.169;;;;;;
16:40:50.0;16.558;1.171;;;;;;
16:40:51.0;18.051;1.173;;;;;;
16:40:52.0;16.731;1.171;;;;;;
16:40:53.0;19.215;1.171;;;;;;
16:40:54.0;22.886;1.171;;;;;;
16:40:55.0;38.974;1.172;;;;;;
16:40:56.0;27.08;1.172;;;;;;
16:40:57.0;18.169;1.17;;;;;;
16:40:58.0;17.76;1.171;;;;;;
16:40:59.0;14.659;1.17;;;;;;
16:41:00.0;23.498;1.171;;;;;;
16:41:01.0;33.546;1.17;;;;;;
16:41:02.0;31.83;1.17;;;;;;
16:41:03.0;39.58;1.17;;;;;;
16:41:04.0;33.073;1.172;;;;;;
16:41:05.0;29.883;1.174;;;;;;
16:41:06.0;33.984;1.169;;;;;;
16:41:07.0;29.457;1.173;;;;;;
16:41:08.0;21.83;1.171;;;;;;
16:41:09.0;17.777;1.172;;;;;;
16:41:10.0;18.979;1.171;;;;;;
16:41:11.0;15.823;1.169;;;;;;
16:41:12.0;18.064;1.169;;;;;;
16:41:13.0;18.717;1.167;;;;;;
16:41:14.0;19.793;1.169;;;;;;
16:41:15.0;17.908;1.169;;;;;;
16:41:16.0;24.031;1.172;;;;;;
16:41:17.0;19.266;1.17;;;;;;
16:41:18.0;16.775;1.171;;;;;;
16:41:19.0;18.075;1.171;;;;;;
16:41:20.0;26.554;1.173;;;;;;
16:41:21.0;17.852;1.171;;;;;;
16:41:22.0;21.251;1.172;;;;;;
16:41:23.0;19.35;1.171;;;;;;
16:41:24.0;22.438;1.17;;;;;;
16:41:25.0;19.579;1.168;;;;;;
16:41:26.0;18.087;1.169;;;;;;
16:41:27.0;21.141;1.17;;;;;;
16:41:28.0;17.076;1.17;;;;;;
16:41:29.0;16.993;1.172;;;;;;
16:41:30.0;17.945;1.173;;;;;;
16:41:31.0;16.187;1.17;;;;;;
16:41:32.0;19.509;1.171;;;;;;
16:41:33.0;25.452;1.171;;;;;;
16:41:34.0;27.343;1.172;;;;;;
16:41:35.0;25.839;1.172;;;;;;
16:41:36.0;25.194;1.172;;;;;;
16:41:37.0;22.656;1.171;;;;;;
16:41:38.0;29.396;1.172;;;;;;
16:41:39.0;41.025;1.172;;;;;;
16:41:40.0;40.879;1.17;;;;;;
16:41:41.0;19.35;1.17;;;;;;
16:41:42.0;19.635;1.17;;;;;;
16:41:43.0;32.516;1.173;;;;;;
16:41:44.0;36.848;1.173;;;;;;
16:41:45.0;31.647;1.171;;;;;;
16:41:46.0;17.539;1.171;;;;;;
16:41:47.0;26.187;1.172;;;;;;
16:41:48.0;31.119;1.171;;;;;;
16:41:49.0;18.489;1.173;;;;;;
16:41:50.0;25.487;1.173;;;;;;
16:41:51.0;22.572;1.175;;;;;;
16:41:52.0;46.262;1.175;;;;;;
16:41:53.0;35.278;1.174;;;;;;
16:41:54.0;28.157;1.172;;;;;;
16:41:55.0;19.09;1.173;;;;;;
16:41:56.0;19.695;1.171;;;;;;
16:41:57.0;19.28;1.176;;;;;;
16:41:58.0;10.139;1.178;;;;;;
16:41:59.0;14.569;1.173;;;;;;
16:42:00.0;21.121;1.17;;;;;;
16:42:01.0;21.391;1.17;;;;;;
16:42:02.0;22.535;1.172;;;;;;
16:42:03.0;23.136;1.172;;;;;;
16:42:04.0;39.743;1.175;;;;;;
16:42:05.0;37.046;1.174;;;;;;
16:42:06.0;18.469;1.17;;;;;;
16:42:07.0;19.87;1.171;;;;;;
16:42:08.0;19.09;1.171;;;;;;
16:42:09.0;20.486;1.17;;;;;;
16:42:10.0;19.371;1.169;;;;;;
16:42:11.0;16.623;1.169;;;;;;
16:42:12.0;19.587;1.171;;;;;;
16:42:13.0;15.143;1.172;;;;;;
16:42:14.0;23.66;1.174;;;;;;
16:42:15.0;19.947;1.175;;;;;;
16:42:16.0;18.644;1.174;;;;;;
16:42:17.0;17.357;1.175;;;;;;
16:42:18.0;18.79;1.176;;;;;;
16:42:19.0;18.75;1.175;;;;;;
16:42:20.0;21.196;1.178;;;;;;
16:42:21.0;20.546;1.173;;;;;;
16:42:22.0;21.345;1.175;;;;;;
16:42:23.0;19.868;1.176;;;;;;
16:42:24.0;20.649;1.174;;;;;;
16:42:25.0;16.514;1.174;;;;;;
16:42:26.0;18.619;1.174;;;;;;
16:42:27.0;19.556;1.173;;;;;;
16:42:28.0;16.775;1.173;;;;;;
16:42:29.0;18.831;1.172;;;;;;
16:42:30.0;18.911;1.174;;;;;;
16:42:31.0;19.844;1.176;;;;;;
16:42:32.0;23.285;1.175;;;;;;
16:42:33.0;24.115;1.173;;;;;;
16:42:34.0;19.334;1.171;;;;;;
16:42:35.0;19.661;1.17;;;;;;
16:42:36.0;16.365;1.169;;;;;;
16:42:37.0;18.146;1.17;;;;;;
16:42:38.0;18.725;1.171;;;;;;
16:42:39.0;18.465;1.174;;;;;;
16:42:40.0;20.284;1.175;;;;;;
16:42:41.0;16.384;1.174;;;;;;
16:42:42.0;17.555;1.173;;;;;;
16:42:43.0;34.366;1.174;;;;;;
16:42:44.0;34.234;1.175;;;;;;
16:42:45.0;35.378;1.174;;;;;;
16:42:46.0;29.736;1.174;;;;;;
16:42:47.0;30.569;1.174;;;;;;
16:42:48.0;32.262;1.174;;;;;;
16:42:49.0;25.065;1.175;;;;;;
16:42:50.0;33.944;1.175;;;;;;
16:42:51.0;39.429;1.175;;;;;;
16:42:52.0;40.572;1.178;;;;;;
16:42:53.0;30.649;1.179;;;;;;
16:42:54.0;29.048;1.18;;;;;;
16:42:55.0;38.281;1.178;;;;;;
16:42:56.0;41.612;1.175;;;;;;
16:42:57.0;35.87;1.176;;;;;;
16:42:58.0;33.592;1.176;;;;;;
16:42:59.0;43.342;1.177;;;;;;
16:43:00.0;42.509;1.18;;;;;;
16:43:01.0;35.807;1.18;;;;;;
16:43:02.0;19.16;1.175;;;;;;
16:43:03.0;19.505;1.176;;;;;;
16:43:04.0;22.727;1.173;;;;;;
16:43:05.0;31.537;1.174;;;;;;
16:43:06.0;42.317;1.174;;;;;;
16:43:07.0;33.94;1.175;;;;;;
16:43:08.0;34.871;1.173;;;;;;
16:43:09.0;27.922;1.172;;;;;;
16:43:10.0;28.702;1.174;;;;;;
16:43:11.0;33.203;1.176;;;;;;
16:43:12.0;30.657;1.174;;;;;;
16:43:13.0;24.062;1.175;;;;;;
16:43:14.0;42.327;1.176;;;;;;
16:43:15.0;37.777;1.174;;;;;;
16:43:16.0;26.857;1.173;;;;;;
16:43:17.0;28.441;1.174;;;;;;
16:43:18.0;40.613;1.175;;;;;;
16:43:19.0;25.581;1.175;;;;;;
16:43:20.0;23.766;1.173;;;;;;
16:43:21.0;20.645;1.175;;;;;;
16:43:23.0;33.376;1.176;;;;;;
16:43:24.0;36.1;1.175;;;;;;
16:43:25.0;34.715;1.176;;;;;;
16:43:26.0;40.861;1.177;;;;;;
16:43:27.0;38.25;1.178;;;;;;
16:43:28.0;45.666;1.175;;;;;;
16:43:29.0;37.743;1.173;;;;;;
16:43:30.0;34.282;1.172;;;;;;
16:43:31.0;29.22;1.174;;;;;;
16:43:32.0;20.025;1.175;;;;;;
16:43:33.0;17.413;1.175;;;;;;
16:43:34.0;19.716;1.176;;;;;;
16:43:35.0;18.967;1.176;;;;;;
16:43:36.0;19.458;1.173;;;;;;
16:43:37.0;25.39;1.173;;;;;;
16:43:38.0;37.128;1.173;;;;;;
16:43:39.0;26.254;1.173;;;;;;
16:43:40.0;19.451;1.173;;;;;;
16:43:41.0;24.838;1.171;;;;;;
16:43:42.0;22.709;1.172;;;;;;
16:43:43.0;9.24;1.173;;;;;;
16:43:44.0;22.438;1.173;;;;;;
16:43:45.0;16.903;1.17;;;;;;
16:43:46.0;18.586;1.175;;;;;;
16:43:47.0;21.045;1.179;;;;;;
16:43:48.0;19.354;1.175;;;;;;
16:43:49.0;17.29;1.177;;;;;;
16:43:50.0;16.384;1.177;;;;;;
16:43:51.0;16.558;1.175;;;;;;
16:43:52.0;20.666;1.177;;;;;;
16:43:53.0;32.692;1.177;;;;;;
16:43:54.0;23.328;1.174;;;;;;
16:43:55.0;17.095;1.175;;;;;;
16:43:56.0;19.334;1.175;;;;;;
16:43:57.0;19.689;1.175;;;;;;
16:43:58.0;17.435;1.171;;;;;;
16:43:59.0;17.871;1.172;;;;;;
16:44:00.0;23.544;1.174;;;;;;
16:44:01.0;28.515;1.176;;;;;;
16:44:02.0;20.811;1.177;;;;;;
16:44:03.0;20.233;1.175;;;;;;
16:44:04.0;18.383;1.174;;;;;;
16:44:05.0;26.953;1.175;;;;;;
16:44:06.0;41.137;1.175;;;;;;
16:44:07.0;38.391;1.176;;;;;;
16:44:08.0;36.959;1.176;;;;;;
16:44:09.0;35.149;1.177;;;;;;
16:44:10.0;35.454;1.178;;;;;;
16:44:11.0;38.002;1.176;;;;;;
16:44:12.0;45.74;1.176;;;;;;
16:44:13.0;22.438;1.175;;;;;;
16:44:14.0;21.437;1.178;;;;;;
16:44:15.0;18.407;1.176;;;;;;
16:44:16.0;19.245;1.174;;;;;;
16:44:17.0;19.947;1.177;;;;;;
16:44:18.0;22.036;1.178;;;;;;
16:44:19.0;30.628;1.176;;;;;;
16:44:20.0;31.38;1.175;;;;;;
16:44:21.0;41.076;1.174;;;;;;
16:44:22.0;40.547;1.196;;;;;;
16:44:23.0;21.614;1.176;;;;;;
16:44:24.0;15.864;1.175;;;;;;
16:44:25.0;19.817;1.175;;;;;;
16:44:26.0;19.74;1.171;;;;;;
16:44:27.0;17.532;1.171;;;;;;
16:44:28.0;16.71;1.171;;;;;;
16:44:29.0;17.647;1.173;;;;;;
16:44:30.0;13.289;1.172;;;;;;
16:44:31.0;21.502;1.175;;;;;;
16:44:32.0;21.593;1.173;;;;;;
16:44:33.0;19.974;1.174;;;;;;
16:44:34.0;24.934;1.177;;;;;;
16:44:35.0;39.342;1.175;;;;;;
16:44:36.0;43.298;1.173;;;;;;
16:44:37.0;42.337;1.177;;;;;;
16:44:38.0;37.124;1.176;;;;;;
16:44:39.0;40;1.176;;;;;;
16:44:41.0;38.947;1.173;;;;;;
16:44:42.0;37.061;1.177;;;;;;
16:44:43.0;36.161;1.174;;;;;;
16:44:44.0;34.545;1.175;;;;;;
16:44:45.0;34.967;1.176;;;;;;
16:44:46.0;27.461;1.173;;;;;;
16:44:47.0;18.17;1.17;;;;;;
16:44:48.0;32.166;1.171;;;;;;
16:44:49.0;33.028;1.174;;;;;;
16:44:50.0;42.242;1.173;;;;;;
16:44:51.0;37.841;1.174;;;;;;
16:44:52.0;26.405;1.172;;;;;;
16:44:53.0;29.15;1.173;;;;;;
16:44:54.0;34.514;1.195;;;;;;
16:44:55.0;23.598;1.175;;;;;;
16:44:56.0;17.616;1.172;;;;;;
16:44:57.0;21.196;1.172;;;;;;
16:44:58.0;25.644;1.173;;;;;;
16:44:59.0;16.47;1.173;;;;;;
16:45:00.0;15.175;1.175;;;;;;
16:45:01.0;21.867;1.174;;;;;;
16:45:02.0;19.531;1.174;;;;;;
16:45:03.0;16.191;1.173;;;;;;
16:45:04.0;16.988;1.173;;;;;;
16:45:05.0;26.432;1.172;;;;;;
16:45:06.0;29.74;1.17;;;;;;
16:45:07.0;31.989;1.17;;;;;;
16:45:08.0;28.738;1.172;;;;;;
16:45:09.0;27.343;1.172;;;;;;
16:45:10.0;27.879;1.174;;;;;;
16:45:11.0;28.088;1.176;;;;;;
16:45:12.0;35.538;1.178;;;;;;
16:45:13.0;30.849;1.176;;;;;;
16:45:14.0;46.41;1.176;;;;;;
16:45:15.0;39.285;1.175;;;;;;
16:45:16.0;33.989;1.174;;;;;;
16:45:17.0;31.776;1.174;;;;;;
16:45:18.0;38.521;1.176;;;;;;
16:45:19.0;36.585;1.171;;;;;;
16:45:20.0;19.023;1.172;;;;;;
16:45:21.0;40.979;1.173;;;;;;
16:45:22.0;38.181;1.172;;;;;;
16:45:23.0;36.02;1.172;;;;;;
16:45:24.0;34.411;1.175;;;;;;
16:45:25.0;37.467;1.196;;;;;;
16:45:26.0;34.901;1.173;;;;;;
16:45:27.0;43.546;1.173;;;;;;
16:45:28.0;42.652;1.175;;;;;;
16:45:29.0;44.545;1.175;;;;;;
16:45:30.0;34.304;1.173;;;;;;
16:45:31.0;48.015;1.175;;;;;;
16:45:32.0;40.078;1.172;;;;;;
16:45:33.0;35.602;1.172;;;;;;
16:45:34.0;19.316;1.175;;;;;;
16:45:35.0;21.761;1.173;;;;;;
16:45:36.0;20.078;1.173;;;;;;
16:45:37.0;15.544;1.17;;;;;;
16:45:38.0;15.544;1.17;;;;;;
16:45:39.0;16.861;1.171;;;;;;
16:45:40.0;8.248;1.172;;;;;;
16:45:41.0;17.187;1.171;;;;;;
16:45:42.0;16.906;1.171;;;;;;
16:45:43.0;21.52;1.173;;;;;;
16:45:44.0;19.201;1.172;;;;;;
16:45:45.0;21.113;1.172;;;;;;
16:45:46.0;22.927;1.175;;;;;;
16:45:47.0;23.974;1.178;;;;;;
16:45:48.0;28.218;1.176;;;;;;
16:45:49.0;22.279;1.174;;;;;;
16:45:50.0;36.254;1.174;;;;;;
16:45:51.0;34.725;1.173;;;;;;
16:45:52.0;18.685;1.172;;;;;;
16:45:53.0;17.898;1.173;;;;;;
16:45:54.0;21.085;1.173;;;;;;
16:45:55.0;25.032;1.173;;;;;;
16:45:56.0;38.846;1.177;;;;;;
16:45:57.0;19.084;1.175;;;;;;
16:45:58.0;21.41;1.175;;;;;;
16:45:59.0;27.272;1.176;;;;;;
16:46:00.0;33.245;1.173;;;;;;
16:46:01.0;35.255;1.173;;;;;;
16:46:02.0;28.366;1.173;;;;;;
16:46:03.0;21.317;1.173;;;;;;
16:46:04.0;25.548;1.171;;;;;;
16:46:05.0;33.937;1.173;;;;;;
16:46:06.0;20.542;1.176;;;;;;
16:46:07.0;31.038;1.17;;;;;;
16:46:08.0;25.684;1.173;;;;;;